Score,Query,numParents,ParentA,ParentB,IdQM,IdQA,IdQB,IdAB,IdQT,LY,LN,LA,RY,RN,RA,Div,YN,SequenceName,Name,DiffsToBestMatch,BestMatchIndex,BestMatchName,DiffstToChimera,IndexofLeftParent,IndexOfRightParent,NameOfLeftParent,NameOfRightParent,DistanceToBestMatch,cIndex,(cIndex - singleDist),loonIndex,MismatchesToChimera,MismatchToTrimera,ChimeraBreakPoint,LogisticProbability,TypeOfSequence,LeftParent,RightParent,DivQLAQRB,PerIDQLAQRB,BootStrapA,DivQLBQRA,PerIDQLBQRA,BootStrapB,Flag,LeftWindow,RightWindow,vs1,vs2,vs3,vs4,vs5,vs6,vs7,vs8,vs9,vs10,vs11,vs12,vs13,vs14,vs15,vs16,vs17,vs18,YN_,ischimera,uchime3
0,Sequence_0/ab=554576/,1,*,*,*,*,*,*,*,*,*,*,*,*,*,*,N,Sequence_0,Sequence_0,0,0,Null,0,0,0,Null,Null,0,0,0,0,0,0,0,0,good,no,,,,,,,,,,,0,Sequence_0,*,*,*,*,*,*,*,*,0,0,0,0,0,0,*,N,Non_Chimeric,0,0
0,Sequence_1/ab=418941/,1,*,*,*,*,*,*,*,*,*,*,*,*,*,*,N,Sequence_1,Sequence_1,0,0,Null,0,0,0,Null,Null,0,0,0,0,0,0,0,0,good,no,,,,,,,,,,,0,Sequence_1,*,*,*,*,*,*,*,*,0,0,0,0,0,0,*,N,Non_Chimeric,0,0
0,Sequence_10/ab=6725/,1,*,*,*,*,*,*,*,*,*,*,*,*,*,*,N,Sequence_10,Sequence_10,8,4,Sequence_4,8,0,4,Sequence_0,Sequence_4,0.284204,0.152115,-0.132088,2.20541,8,5,0,0,good,Sequence_1,Sequence_0,1.00837,95.2569,16.4,0.983264,92.8854,3.2,no,13861-16421,16424-23443,0,Sequence_10,*,*,*,*,*,*,*,*,0,0,0,0,0,0,*,N,Non_Chimeric,0,0
0.008,Sequence_11/ab=6375/,1,Sequence_5/ab=67342/,Sequence_3/ab=70170/,100,99.6,99.6,99.2,99.6,1,0,0,1,0,0,0.4,N,Sequence_11,Sequence_11,1,3,Sequence_3,0,5,3,Sequence_5,Sequence_3,0.030627,0,-0.030627,2.08296,0,2147483648,57,0.007747,good,no,,,,,,,,,,,0.008,Sequence_11,Sequence_5,Sequence_3,Sequence_5,100,99.6,99.6,99.2,99.6,1,0,0,1,0,0,0.4,N,Non_Chimeric,1,1
0,Sequence_12/ab=5065/,1,*,*,*,*,*,*,*,*,*,*,*,*,*,*,N,Sequence_12,Sequence_12,53,6,Sequence_6,52,6,6,Sequence_6,Sequence_6,1.92623,1.86852,-0.057719,0,52,49,55,0,good,no,,,,,,,,,,,0,Sequence_12,*,*,*,*,*,*,*,*,0,0,0,0,0,0,*,N,Non_Chimeric,0,0
0,Sequence_13/ab=4549/,1,*,*,*,*,*,*,*,*,*,*,*,*,*,*,N,Sequence_13,Sequence_13,17,6,Sequence_6,16,6,6,Sequence_6,Sequence_6,0.673349,0.628733,-0.044615,0,16,15,57,0,good,no,,,,,,,,,,,0,Sequence_13,*,*,*,*,*,*,*,*,0,0,0,0,0,0,*,N,Non_Chimeric,0,0
0,Sequence_14/ab=674/,1,*,*,*,*,*,*,*,*,*,*,*,*,*,*,N,Sequence_14,Sequence_14,5,2,Sequence_2,5,0,2,Sequence_0,Sequence_2,0.199408,0.199408,0,0.234578,5,3,0,0,good,no,,,,,,,,,,,0,Sequence_14,*,*,*,*,*,*,*,*,0,0,0,0,0,0,*,N,Non_Chimeric,0,0
0,Sequence_15/ab=606/,1,*,*,*,*,*,*,*,*,*,*,*,*,*,*,N,Sequence_15,Sequence_15,34,6,Sequence_6,33,12,6,Sequence_12,Sequence_6,1.28447,1.12789,-0.156582,6.26593,33,30,8,0,good,no,,,,,,,,,,,0,Sequence_15,*,*,*,*,*,*,*,*,0,0,0,0,0,0,*,N,Non_Chimeric,0,0
0.0242,Sequence_16/ab=576/,1,Sequence_13/ab=4549/,Sequence_6/ab=61852/,93.2,92.8,90.4,92.8,92.9,9,2,11,3,2,2,0.43,N,Sequence_16,Sequence_16,18,13,Sequence_13,17,13,6,Sequence_13,Sequence_6,0.695558,0.567312,-0.128246,4.71235,17,14,126,0,good,no,,,,,,,,,,,0.0244,Sequence_16,Sequence_13,Sequence_6,Sequence_13,93.3,92.9,90.5,92.9,92.9,9,2,12,3,2,1,0.4,N,Non_Chimeric,0,0
0,Sequence_17/ab=462/,1,*,*,*,*,*,*,*,*,*,*,*,*,*,*,N,Sequence_17,Sequence_17,5,2,Sequence_2,5,0,2,Sequence_0,Sequence_2,0.181206,0.181206,0,0.234578,5,4,0,0,good,no,,,,,,,,,,,0,Sequence_17,*,*,*,*,*,*,*,*,0,0,0,0,0,0,*,N,Non_Chimeric,0,0
0.0127,Sequence_18/ab=310/,1,Sequence_7/ab=30189/,Sequence_9/ab=7673/,85.1,83.9,83.5,91.5,84.1,4,1,17,6,3,17,1.44,N,Sequence_18,Sequence_18,40,7,Sequence_7,36,7,4,Sequence_7,Sequence_4,1.59403,1.4887,-0.105325,3.85916,36,34,113,0,good,no,,,,,,,,,,,0.0163,Sequence_18,Sequence_7,Sequence_9,Sequence_7,85.2,84,83.6,91.6,84,5,1,16,6,3,17,1.2,N,Non_Chimeric,0,0
0.0235,Sequence_19/ab=200/,1,Sequence_12/ab=5065/,Sequence_15/ab=606/,84.3,82.3,86.7,78.2,86.6,16,22,15,6,1,1,0.47,N,Sequence_19,Sequence_19,34,15,Sequence_15,32,15,6,Sequence_15,Sequence_6,1.3227,1.02815,-0.29455,7.09277,32,26,135,0,good,no,,,,,,,,,,,0.0296,Sequence_19,Sequence_15,Sequence_12,Sequence_15,87.6,86.8,82.4,78.4,86.8,22,9,14,8,6,2,0.8,N,Non_Chimeric,0,0
0,Sequence_2/ab=138645/,1,*,*,*,*,*,*,*,*,*,*,*,*,*,*,N,Sequence_2,Sequence_2,2,0,Sequence_0,2,0,0,Sequence_0,Sequence_0,0.076339,0.076339,0,0,2,2147483648,0,0.003911,good,no,,,,,,,,,,,0,Sequence_2,*,*,*,*,*,*,*,*,0,0,0,0,0,0,*,N,Non_Chimeric,0,0
0.197,Sequence_20/ab=96/,2,Sequence_18/ab=310/,Sequence_7/ab=30189/,95.2,94,84.7,83.9,94,29,2,9,3,0,1,1.29,N,Sequence_20,Sequence_20,15,18,Sequence_18,12,18,7,Sequence_18,Sequence_7,0.540055,0.449973,-0.090082,10.6865,12,11,208,0,good,no,,,,,,,,,,,0.1902,Sequence_20,Sequence_18,Sequence_7,Sequence_18,95.2,94,84.8,84,94,28,2,9,3,0,1,1.2,N,Non_Chimeric,0,0
0,Sequence_21/ab=88/,2,*,*,*,*,*,*,*,*,*,*,*,*,*,*,N,Sequence_21,Sequence_21,20,6,Sequence_6,18,6,7,Sequence_6,Sequence_7,0.745093,0.674189,-0.070903,10.141,18,16,212,0,good,no,,,,,,,,,,,0,Sequence_21,*,*,*,*,*,*,*,*,0,0,0,0,0,0,*,N,Non_Chimeric,0,0
0.0236,Sequence_22/ab=73/,1,Sequence_0/ab=554576/,Sequence_1/ab=418941/,96,95.6,94.4,92,95.7,6,2,2,6,5,1,0.42,N,Sequence_22,Sequence_22,11,0,Sequence_0,10,1,0,Sequence_1,Sequence_0,0.378909,0.348522,-0.030387,6.42338,10,8,51,0,good,no,,,,,,,,,,,0.0236,Sequence_22,Sequence_0,Sequence_1,Sequence_0,96,95.7,94.5,92.1,95.7,6,2,2,6,5,1,0.4,N,Non_Chimeric,0,0
0.0381,Sequence_23/ab=64/,1,Sequence_18/ab=310/,Sequence_4/ab=68480/,82.7,81,81,82.7,82.1,16,10,27,4,0,3,1.99,N,Sequence_23,Sequence_23,44,4,Sequence_4,37,8,10,Sequence_8,Sequence_10,1.61245,1.35984,-0.252609,3.56769,37,35,122,0,good,no,,,,,,,,,,,0.0051,Sequence_23,Sequence_4,Sequence_10,Sequence_4,82.4,81.6,81.6,96.8,81.6,2,0,4,2,0,40,0.8,N,Non_Chimeric,0,0
0,Sequence_24/ab=56/,1,*,*,*,*,*,*,*,*,*,*,*,*,*,*,N,Sequence_24,Sequence_24,8,16,Sequence_16,7,16,16,Sequence_16,Sequence_16,0.341,0.283514,-0.057486,0,7,6,60,0,good,no,,,,,,,,,,,0,Sequence_24,*,*,*,*,*,*,*,*,0,0,0,0,0,0,*,N,Non_Chimeric,0,0
0,Sequence_25/ab=56/,1,*,*,*,*,*,*,*,*,*,*,*,*,*,*,N,Sequence_25,Sequence_25,2,18,Sequence_18,1,9,18,Sequence_9,Sequence_18,0.060985,0.030748,-0.030237,11.6309,1,2147483648,48,0.154232,good,no,,,,,,,,,,,0,Sequence_25,*,*,*,*,*,*,*,*,0,0,0,0,0,0,*,N,Non_Chimeric,1,1
0,Sequence_26/ab=51/,1,*,*,*,*,*,*,*,*,*,*,*,*,*,*,N,Sequence_26,Sequence_26,9,16,Sequence_16,8,16,16,Sequence_16,Sequence_16,0.358623,0.30098,-0.057643,0,8,7,60,0,good,no,,,,,,,,,,,0,Sequence_26,*,*,*,*,*,*,*,*,0,0,0,0,0,0,*,N,Non_Chimeric,0,0
0,Sequence_27/ab=41/,2,*,*,*,*,*,*,*,*,*,*,*,*,*,*,N,Sequence_27,Sequence_27,66,21,Sequence_21,63,0,21,Sequence_0,Sequence_21,2.37251,2.18651,-0.186002,4.11321,63,60,9,0,good,no,,,,,,,,,,,0.012,Sequence_27,Sequence_21,Sequence_15,Sequence_21,73.1,72.7,69.6,83,72.7,14,5,34,5,4,25,0.4,N,Non_Chimeric,0,0
0.4464,Sequence_28/ab=36/,2,Sequence_18/ab=310/,Sequence_20/ab=96/,100,97.2,96.8,94,97.2,8,0,0,7,0,0,2.9,Y,Sequence_28,Sequence_28,7,18,Sequence_18,0,18,20,Sequence_18,Sequence_20,0.259989,0,-0.259989,15.786,0,2147483648,126,0.418093,good,Sequence_18,Sequence_20,1.02857,100,100,0.967347,94.0476,0,yes,13861-21305,21307-23443,0.4464,Sequence_28,Sequence_18,Sequence_20,Sequence_18,100,97.2,96.8,94,97.2,8,0,0,7,0,0,2.8,Y,Chimeric,1,1
0.0175,Sequence_29/ab=29/,1,Sequence_18/ab=310/,Sequence_20/ab=96/,92.7,91.9,91.1,94,92.1,5,2,12,4,2,2,0.88,N,Sequence_29,Sequence_29,19,18,Sequence_18,16,18,20,Sequence_18,Sequence_20,0.710565,0.587487,-0.123077,4.76995,16,14,209,0,good,no,,,,,,,,,,,0.0337,Sequence_29,Sequence_18,Sequence_20,Sequence_18,93.3,92.1,91.3,94,92.1,7,2,12,4,1,2,1.2,N,Non_Chimeric,0,0
0,Sequence_3/ab=70170/,1,*,*,*,*,*,*,*,*,*,*,*,*,*,*,N,Sequence_3,Sequence_3,1,1,Sequence_1,1,0,1,Sequence_0,Sequence_1,0.030627,0.030627,0,2.16879,1,2147483648,0,0.007968,good,no,,,,,,,,,,,0,Sequence_3,*,*,*,*,*,*,*,*,0,0,0,0,0,0,*,N,Non_Chimeric,0,0
0.0517,Sequence_30/ab=29/,2,Sequence_20/ab=96/,Sequence_18/ab=310/,96,94.8,94,94,94.8,5,0,4,6,3,3,1.28,N,Sequence_30,Sequence_30,13,20,Sequence_20,9,20,18,Sequence_20,Sequence_18,0.425409,0.32647,-0.098939,6.89163,9,9,124,0,good,Sequence_25,Sequence_20,0.983264,93.254,0,1.01674,96.4286,24.3,no,13861-21292,21294-23443,0.0784,Sequence_30,Sequence_20,Sequence_18,Sequence_20,96.4,94.8,94,94,94.8,6,0,4,6,2,3,1.6,N,Non_Chimeric,0,0
0.0193,Sequence_31/ab=8/,1,Sequence_30/ab=29/,Sequence_14/ab=674/,83.5,80.6,82.3,82.3,82.6,11,12,24,12,5,1,1.47,N,Sequence_31,Sequence_31,39,14,Sequence_14,37,10,14,Sequence_10,Sequence_14,1.4795,1.27341,-0.206083,2.95133,37,33,89,0,good,no,,,,,,,,,,,0.0224,Sequence_31,Sequence_30,Sequence_14,Sequence_14,83.6,80.8,83.2,83.2,83.2,12,11,24,12,5,1,0.4,N,Non_Chimeric,0,0
0.0598,Sequence_32/ab=8/,1,Sequence_10/ab=6725/,Sequence_4/ab=68480/,97.6,96.4,95.6,96.8,96.4,4,0,2,3,0,4,1.25,N,Sequence_32,Sequence_32,9,10,Sequence_10,6,10,4,Sequence_10,Sequence_4,0.286313,0.194942,-0.091371,5.85483,6,4,114,0,good,Sequence_4,Sequence_1,0.954545,91.3043,0,1.0124,96.8379,38.2,no,13861-21275,21277-23443,0,Sequence_32,*,*,*,*,*,*,*,*,0,0,0,0,0,0,*,N,Non_Chimeric,0,0
0.0633,Sequence_33/ab=7/,1,Sequence_13/ab=4549/,Sequence_26/ab=51/,89.2,86.7,85.9,91.2,87,11,3,14,6,0,10,2.78,N,Sequence_33,Sequence_33,33,13,Sequence_13,27,13,26,Sequence_13,Sequence_26,1.07475,0.893239,-0.181515,10.1009,27,25,116,0,good,no,,,,,,,,,,,0.0477,Sequence_33,Sequence_21,Sequence_26,Sequence_26,87.7,85.8,86.2,88.5,86.2,13,9,20,5,0,2,1.6,N,Non_Chimeric,0,0
0,Sequence_4/ab=68480/,1,*,*,*,*,*,*,*,*,*,*,*,*,*,*,N,Sequence_4,Sequence_4,13,0,Sequence_0,12,0,2,Sequence_0,Sequence_2,0.425806,0.395868,-0.029938,2.03736,12,12,213,0,good,no,,,,,,,,,,,0,Sequence_4,*,*,*,*,*,*,*,*,0,0,0,0,0,0,*,N,Non_Chimeric,0,0
0,Sequence_5/ab=67342/,1,*,*,*,*,*,*,*,*,*,*,*,*,*,*,N,Sequence_5,Sequence_5,1,1,Sequence_1,1,0,1,Sequence_0,Sequence_1,0.030627,0.030627,0,2.86194,1,2147483648,0,0.009996,good,no,,,,,,,,,,,0,Sequence_5,*,*,*,*,*,*,*,*,0,0,0,0,0,0,*,N,Non_Chimeric,0,0
0.0087,Sequence_6/ab=61852/,1,Sequence_0/ab=554576/,Sequence_1/ab=418941/,77.5,76.7,77.1,92,77.5,7,6,45,3,1,4,1.04,N,Sequence_6,Sequence_6,56,0,Sequence_0,53,0,1,Sequence_0,Sequence_1,1.91433,1.81945,-0.094882,3.11976,53,51,213,0,good,no,,,,,,,,,,,0,Sequence_6,*,*,*,*,*,*,*,*,0,0,0,0,0,0,*,N,Non_Chimeric,0,0
0.0249,Sequence_7/ab=30189/,1,Sequence_1/ab=418941/,Sequence_4/ab=68480/,87.1,85.5,86.3,92,86.6,8,6,20,4,0,5,0.93,N,Sequence_7,Sequence_7,34,4,Sequence_4,31,4,1,Sequence_4,Sequence_1,1.25703,1.02806,-0.228964,3.48767,31,27,115,0,good,no,,,,,,,,,,,0.0291,Sequence_7,Sequence_4,Sequence_1,Sequence_4,87.4,86.6,85.8,92.1,86.6,4,0,2,8,6,24,0.8,N,Non_Chimeric,0,0
0,Sequence_8/ab=26587/,1,*,*,*,*,*,*,*,*,*,*,*,*,*,*,N,Sequence_8,Sequence_8,34,4,Sequence_4,31,4,1,Sequence_4,Sequence_1,1.25215,1.02319,-0.228964,3.48767,31,27,115,0,good,no,,,,,,,,,,,0.0291,Sequence_8,Sequence_4,Sequence_1,Sequence_4,87.4,86.6,85.8,92.1,86.6,4,0,2,8,6,24,0.8,N,Non_Chimeric,0,0
0,Sequence_9/ab=7673/,1,*,*,*,*,*,*,*,*,*,*,*,*,*,*,N,Sequence_9,Sequence_9,21,7,Sequence_7,21,0,7,Sequence_0,Sequence_7,0.752147,0.631168,-0.120979,3.77861,21,17,0,0,good,no,,,,,,,,,,,0,Sequence_9,*,*,*,*,*,*,*,*,0,0,0,0,0,0,*,N,Non_Chimeric,0,0
