Score,Query,numParents,ParentA,ParentB,IdQM,IdQA,IdQB,IdAB,IdQT,LY,LN,LA,RY,RN,RA,Div,YN,SequenceName,Name,DiffsToBestMatch,BestMatchIndex,BestMatchName,DiffstToChimera,IndexofLeftParent,IndexOfRightParent,NameOfLeftParent,NameOfRightParent,DistanceToBestMatch,cIndex,(cIndex - singleDist),loonIndex,MismatchesToChimera,MismatchToTrimera,ChimeraBreakPoint,LogisticProbability,TypeOfSequence,LeftParent,RightParent,DivQLAQRB,PerIDQLAQRB,BootStrapA,DivQLBQRA,PerIDQLBQRA,BootStrapB,Flag,LeftWindow,RightWindow,vs1,vs2,vs3,vs4,vs5,vs6,vs7,vs8,vs9,vs10,vs11,vs12,vs13,vs14,vs15,vs16,vs17,vs18,YN_,ischimera,uchime3
0,Sequence_0/ab=26494/,1,*,*,*,*,*,*,*,*,*,*,*,*,*,*,N,Sequence_0,Sequence_0,0,0,Null,0,0,0,Null,Null,0,0,0,0,0,0,0,0,good,no,,,,,,,,,,,0,Sequence_0,*,*,*,*,*,*,*,*,0,0,0,0,0,0,*,N,Non_Chimeric,0,0
0,Sequence_1/ab=20733/,1,*,*,*,*,*,*,*,*,*,*,*,*,*,*,N,Sequence_1,Sequence_1,0,0,Null,0,0,0,Null,Null,0,0,0,0,0,0,0,0,good,no,,,,,,,,,,,0,Sequence_1,*,*,*,*,*,*,*,*,0,0,0,0,0,0,*,N,Non_Chimeric,0,0
0,Sequence_10/ab=7653/,1,*,*,*,*,*,*,*,*,*,*,*,*,*,*,N,Sequence_10,Sequence_10,40,1,Sequence_1,39,0,1,Sequence_0,Sequence_1,1.47611,1.45362,-0.022491,0.159686,39,38,98,0,good,no,,,,,,,,,,,0,Sequence_10,*,*,*,*,*,*,*,*,0,0,0,0,0,0,*,N,Non_Chimeric,0,0
0.0606,Sequence_100/ab=15/,2,Sequence_15/ab=3633/,Sequence_14/ab=3977/,79.5,78.3,69.9,71.5,78.7,41,17,34,3,0,0,1.54,N,Sequence_100,Sequence_100,52,12,Sequence_12,48,15,12,Sequence_15,Sequence_12,1.92683,1.47634,-0.450483,3.94579,48,42,69,0,good,no,,,,,,,,,,,0.0633,Sequence_100,Sequence_12,Sequence_14,Sequence_12,80.6,79.4,70.4,68.8,79.4,44,18,31,3,0,0,1.2,N,Non_Chimeric,0,0
1.8335,Sequence_101/ab=14/,2,Sequence_11/ab=7371/,Sequence_2/ab=16977/,100,96,90.8,86.7,96,23,0,0,10,0,0,4.18,Y,Sequence_101,Sequence_101,10,11,Sequence_11,0,11,2,Sequence_11,Sequence_2,0.38195,0,-0.38195,27.41,0,2147483648,135,0.970838,chimera,Sequence_11,Sequence_2,1.04115,100,100,0.90535,86.9565,0,yes,13861-21588,21589-23443,1.8335,Sequence_101,Sequence_11,Sequence_2,Sequence_11,100,96,90.9,87,96,23,0,0,10,0,0,4,Y,Chimeric,1,1
0.0653,Sequence_102/ab=14/,2,Sequence_58/ab=31/,Sequence_21/ab=726/,80.2,72.6,78.2,66.5,79.4,24,22,15,21,2,11,3.61,N,Sequence_102,Sequence_102,49,12,Sequence_12,44,15,21,Sequence_15,Sequence_21,1.77163,1.38756,-0.384074,15.0565,44,38,114,0,good,no,,,,,,,,,,,0.0244,Sequence_102,Sequence_12,Sequence_21,Sequence_12,81,79.4,78.6,80.2,79.4,20,14,27,7,3,3,1.6,N,Non_Chimeric,0,0
0.2631,Sequence_103/ab=14/,2,Sequence_0/ab=26494/,Sequence_67/ab=28/,100,95.6,98.8,94.4,98.8,3,0,0,11,0,0,1.22,N,Sequence_103,Sequence_103,3,67,Sequence_67,0,0,8,Sequence_0,Sequence_8,0.119379,0,-0.119379,16.898899,0,2147483648,92,0.509158,chimera,Sequence_25,Sequence_32,1.02016,100,100,0.967742,94.8617,0,yes,13861-16359,16412-23443,0.2631,Sequence_103,Sequence_0,Sequence_67,Sequence_67,100,95.7,98.8,94.5,98.8,3,0,0,11,0,0,1.2,N,Chimeric,1,1
0,Sequence_104/ab=14/,2,*,*,*,*,*,*,*,*,*,*,*,*,*,*,N,Sequence_104,Sequence_104,4,14,Sequence_14,0,0,14,Sequence_0,Sequence_14,0.163011,0,-0.163011,17.078899,0,2147483648,21,0.523987,chimera,Sequence_71,Sequence_87,1.01613,99.6047,81.9,0.834677,81.8182,0,no,13861-15660,15662-23443,1.5306,Sequence_104,Sequence_0,Sequence_14,Sequence_14,100,81,98.4,79.4,98.4,4,0,0,48,0,0,1.6,Y,Chimeric,1,1
1.8335,Sequence_105/ab=14/,2,Sequence_2/ab=16977/,Sequence_11/ab=7371/,100,96,90.8,86.7,96,23,0,0,10,0,0,4.18,Y,Sequence_105,Sequence_105,10,2,Sequence_2,0,2,11,Sequence_2,Sequence_11,0.38195,0,-0.38195,27.41,0,2147483648,135,0.970838,chimera,Sequence_2,Sequence_42,1.04115,100,100,0.880658,84.585,0,yes,13861-21588,21589-23443,1.8335,Sequence_105,Sequence_2,Sequence_11,Sequence_2,100,96,90.9,87,96,23,0,0,10,0,0,4,Y,Chimeric,1,1
0,Sequence_106/ab=14/,2,*,*,*,*,*,*,*,*,*,*,*,*,*,*,N,Sequence_106,Sequence_106,22,37,Sequence_37,22,0,37,Sequence_0,Sequence_37,0.741702,0.618663,-0.123039,1.27412,22,18,0,0,good,no,,,,,,,,,,,0,Sequence_106,*,*,*,*,*,*,*,*,0,0,0,0,0,0,*,N,Non_Chimeric,0,0
1.5625,Sequence_107/ab=14/,2,Sequence_5/ab=12767/,Sequence_46/ab=46/,100,80.3,98.4,78.7,98.4,4,0,0,49,0,0,1.63,Y,Sequence_107,Sequence_107,4,46,Sequence_46,0,5,6,Sequence_5,Sequence_6,0.122,0,-0.122,26.056801,0,2147483648,28,0.955158,chimera,Sequence_20,Sequence_46,1.00803,99.2095,68,0.807229,79.4466,0,no,13861-15660,15662-23443,1.5625,Sequence_107,Sequence_5,Sequence_46,Sequence_46,100,80.6,98.4,79.1,98.4,4,0,0,49,0,0,1.6,Y,Chimeric,1,1
0.0552,Sequence_108/ab=14/,2,Sequence_30/ab=77/,Sequence_53/ab=36/,81,77.4,84.3,74.6,84.1,18,24,19,9,0,2,0.96,N,Sequence_108,Sequence_108,41,53,Sequence_53,38,0,53,Sequence_0,Sequence_53,1.54503,1.19997,-0.345065,16.9807,38,34,10,0,good,no,,,,,,,,,,,0.0443,Sequence_108,Sequence_5,Sequence_53,Sequence_53,85.5,81.5,84.3,79,84.3,3,0,0,24,14,22,1.2,N,Non_Chimeric,0,0
0.2761,Sequence_109/ab=13/,2,Sequence_12/ab=6894/,Sequence_21/ab=726/,94.8,91.6,82.7,78.7,91.7,31,2,6,11,3,2,3.51,N,Sequence_109,Sequence_109,20,12,Sequence_12,13,12,21,Sequence_12,Sequence_21,0.687129,0.426873,-0.260256,24.131701,13,11,132,0,good,Sequence_21,Sequence_19,0.874459,79.8419,0.1,1.03463,94.4664,61.3,no,13861-21333,21335-23443,0.285,Sequence_109,Sequence_12,Sequence_21,Sequence_12,94.9,91.7,83,79.1,91.7,32,2,6,11,3,2,3.2,Y,Non_Chimeric,0,0
0,Sequence_11/ab=7371/,1,*,*,*,*,*,*,*,*,*,*,*,*,*,*,N,Sequence_11,Sequence_11,33,2,Sequence_2,31,2,1,Sequence_2,Sequence_1,1.1547,1.09368,-0.061013,13.3141,31,30,228,0,good,no,,,,,,,,,,,0,Sequence_11,*,*,*,*,*,*,*,*,0,0,0,0,0,0,*,N,Non_Chimeric,0,0
2.6228,Sequence_110/ab=13/,2,Sequence_49/ab=40/,Sequence_34/ab=62/,100,81.1,97.2,78.3,97.2,7,0,0,47,0,0,2.89,Y,Sequence_110,Sequence_110,7,34,Sequence_34,0,10,2,Sequence_10,Sequence_2,0.216552,0,-0.216552,33.659698,0,2147483648,30,0.996195,chimera,Sequence_49,Sequence_82,1.0121,99.6032,79.3,0.822581,80.9524,0,no,13861-15684,15687-23443,3.5874,Sequence_110,Sequence_16,Sequence_2,Sequence_2,100,80,96.4,76.4,96.4,9,0,0,50,0,0,3.6,Y,Chimeric,1,1
0,Sequence_111/ab=13/,2,*,*,*,*,*,*,*,*,*,*,*,*,*,*,N,Sequence_111,Sequence_111,3,5,Sequence_5,0,0,5,Sequence_0,Sequence_5,0.092001,0,-0.092001,14.0132,0,2147483648,30,0.285846,good,no,,,,,,,,,,,0.9327,Sequence_111,Sequence_0,Sequence_5,Sequence_5,100,84.6,98.8,83.4,98.8,3,0,0,39,0,0,1.2,Y,Non_Chimeric,1,1
1.8335,Sequence_112/ab=13/,2,Sequence_26/ab=110/,Sequence_62/ab=29/,100,81.5,98,79.5,98,5,0,0,46,0,0,2.05,Y,Sequence_112,Sequence_112,5,62,Sequence_62,0,8,7,Sequence_8,Sequence_7,0.16615,0,-0.16615,28.389799,0,2147483648,30,0.978723,chimera,Sequence_26,Sequence_71,1.00803,99.6032,75.7,0.827309,81.746,0,no,13861-15684,15687-23443,2.9337,Sequence_112,Sequence_26,Sequence_7,Sequence_7,100,81.8,96.8,78.7,96.8,8,0,0,46,0,0,3.2,Y,Chimeric,1,1
0,Sequence_113/ab=12/,2,*,*,*,*,*,*,*,*,*,*,*,*,*,*,N,Sequence_113,Sequence_113,22,12,Sequence_12,18,12,21,Sequence_12,Sequence_21,0.693652,0.500037,-0.193615,18.399401,18,15,126,0,good,no,,,,,,,,,,,0.0853,Sequence_113,Sequence_12,Sequence_21,Sequence_12,92.5,91.3,82.6,79.1,91.3,29,4,7,8,5,3,1.2,N,Non_Chimeric,0,0
2.7184,Sequence_114/ab=12/,2,Sequence_5/ab=12767/,Sequence_0/ab=26494/,100,95.6,87.6,83.1,95.7,31,0,0,11,0,0,4.62,Y,Sequence_114,Sequence_114,11,5,Sequence_5,0,5,0,Sequence_5,Sequence_0,0.401206,0,-0.401206,32.9939,0,2147483648,148,0.995265,chimera,Sequence_0,Sequence_5,0.879668,84.127,0,1.04564,100,100,yes,13861-21776,21779-23443,2.7184,Sequence_114,Sequence_5,Sequence_0,Sequence_5,100,95.7,87.7,83.4,95.7,31,0,0,11,0,0,4.3,Y,Chimeric,1,1
0,Sequence_115/ab=12/,2,*,*,*,*,*,*,*,*,*,*,*,*,*,*,N,Sequence_115,Sequence_115,5,70,Sequence_70,0,2,5,Sequence_2,Sequence_5,0.166322,0,-0.166322,27.901199,0,2147483648,21,0.975093,chimera,Sequence_2,Sequence_70,1.0121,99.2095,70.3,0.834677,81.8182,0,no,13861-15660,15662-23443,1.714,Sequence_115,Sequence_2,Sequence_70,Sequence_70,100,83,98,81,98,5,0,0,43,0,0,2,Y,Chimeric,1,1
0.3587,Sequence_116/ab=11/,2,Sequence_72/ab=24/,Sequence_0/ab=26494/,100,98,96.4,94.4,98,9,0,0,5,0,0,2.05,Y,Sequence_116,Sequence_116,4,38,Sequence_38,0,9,31,Sequence_9,Sequence_31,0.150516,0,-0.150516,14.3323,0,2147483648,92,0.307816,good,Sequence_86,Sequence_99,1.02016,100,100,0.955645,93.6759,0,yes,13861-21275,21277-23443,0.3587,Sequence_116,Sequence_72,Sequence_0,Sequence_72,100,98,96.4,94.5,98,9,0,0,5,0,0,2,Y,Chimeric,1,1
0.4385,Sequence_117/ab=11/,2,Sequence_9/ab=7826/,Sequence_26/ab=110/,100,95.6,98,93.6,98,5,0,0,11,0,0,2.05,Y,Sequence_117,Sequence_117,2,38,Sequence_38,0,9,0,Sequence_9,Sequence_0,0.089262,0,-0.089262,16.8929,0,2147483648,92,0.508667,chimera,Sequence_86,Sequence_99,1.02846,100,100,0.963415,93.6759,0,yes,13861-16359,16412-23443,0.4385,Sequence_117,Sequence_9,Sequence_26,Sequence_26,100,95.6,98,93.6,98,5,0,0,11,0,0,2,Y,Chimeric,1,1
0,Sequence_118/ab=11/,2,*,*,*,*,*,*,*,*,*,*,*,*,*,*,N,Sequence_118,Sequence_118,3,35,Sequence_35,0,14,0,Sequence_14,Sequence_0,0.119675,0,-0.119675,17.078899,0,2147483648,21,0.523987,chimera,no,,,,,,,,,,,0,Sequence_118,*,*,*,*,*,*,*,*,0,0,0,0,0,0,*,N,Chimeric,1,1
0.1913,Sequence_119/ab=11/,2,Sequence_8/ab=8177/,Sequence_75/ab=23/,100,96.8,98.8,95.6,98.8,3,0,0,8,0,0,1.22,N,Sequence_119,Sequence_119,3,75,Sequence_75,0,8,72,Sequence_8,Sequence_72,0.119379,0,-0.119379,10.5091,0,2147483648,86,0.111848,good,Sequence_1,Sequence_8,0.967347,93.6759,0,1.03265,100,100,yes,13861-16292,16294-23443,0.1913,Sequence_119,Sequence_8,Sequence_75,Sequence_75,100,96.8,98.8,95.7,98.8,3,0,0,8,0,0,1.2,N,Chimeric,1,1
0.0192,Sequence_12/ab=6894/,1,Sequence_0/ab=26494/,Sequence_2/ab=16977/,74.7,73.9,71.5,77.5,74.3,11,4,16,15,13,30,1.09,N,Sequence_12,Sequence_12,64,1,Sequence_1,62,2,1,Sequence_2,Sequence_1,2.28918,2.21555,-0.07363,3.09377,62,56,12,0,good,no,,,,,,,,,,,0,Sequence_12,*,*,*,*,*,*,*,*,0,0,0,0,0,0,*,N,Non_Chimeric,0,0
0.0126,Sequence_120/ab=11/,2,Sequence_1/ab=20733/,Sequence_55/ab=34/,98.8,98,98.4,98.8,98.4,1,0,0,2,0,3,0.41,N,Sequence_120,Sequence_120,4,55,Sequence_55,0,3,1,Sequence_3,Sequence_1,0.108042,0,-0.108042,20.4811,0,2147483648,21,0.771843,chimera,Sequence_88,Sequence_97,1.00806,99.2064,69.6,0.834677,82.1429,0,no,13861-15684,15687-23443,0,Sequence_120,*,*,*,*,*,*,*,*,0,0,0,0,0,0,*,N,Chimeric,1,1
1.7219,Sequence_121/ab=11/,2,Sequence_2/ab=16977/,Sequence_11/ab=7371/,100,90.4,96.4,86.7,96.4,9,0,0,24,0,0,3.75,Y,Sequence_121,Sequence_121,9,11,Sequence_11,0,2,11,Sequence_2,Sequence_11,0.274024,0,-0.274024,25.620001,0,2147483648,66,0.948563,chimera,Sequence_2,Sequence_42,1.06303,100,100,0.89916,84.585,0,yes,13861-15944,15947-23443,1.7219,Sequence_121,Sequence_2,Sequence_11,Sequence_11,100,90.5,96.4,87,96.4,9,0,0,24,0,0,3.6,Y,Chimeric,1,1
0.0345,Sequence_122/ab=11/,2,Sequence_34/ab=62/,Sequence_37/ab=55/,77.1,75.1,78.3,79.1,78.7,15,18,39,5,0,0,1.54,N,Sequence_122,Sequence_122,52,37,Sequence_37,50,0,37,Sequence_0,Sequence_37,1.88166,1.65856,-0.223101,3.53497,50,46,4,0,good,no,,,,,,,,,,,0.0255,Sequence_122,Sequence_2,Sequence_37,Sequence_37,79.1,74.7,78.7,80.2,78.7,10,9,26,14,3,15,0.4,N,Non_Chimeric,0,0
2.3119,Sequence_123/ab=11/,2,Sequence_7/ab=9831/,Sequence_11/ab=7371/,100,88.4,96,84.3,96,10,0,0,29,0,0,4.18,Y,Sequence_123,Sequence_123,10,11,Sequence_11,0,7,11,Sequence_7,Sequence_11,0.31643,0,-0.31643,29.7684,0,2147483648,66,0.986394,chimera,Sequence_42,Sequence_7,0.878151,82.6087,0,1.06303,100,100,yes,13861-15944,15947-23443,2.3119,Sequence_123,Sequence_7,Sequence_11,Sequence_11,100,88.5,96,84.6,96,10,0,0,29,0,0,4,Y,Chimeric,1,1
0.0613,Sequence_124/ab=10/,2,Sequence_53/ab=36/,Sequence_9/ab=7826/,86.7,85.5,78.7,77.5,85.4,30,10,20,3,0,2,1.41,N,Sequence_124,Sequence_124,36,53,Sequence_53,32,3,53,Sequence_3,Sequence_53,1.29587,1.00991,-0.285959,8.44695,32,29,12,0,good,no,,,,,,,,,,,0.0849,Sequence_124,Sequence_13,Sequence_53,Sequence_53,87,77.1,85.4,71.9,85.4,4,0,1,42,17,15,1.6,N,Non_Chimeric,0,0
1.0204,Sequence_125/ab=10/,2,Sequence_16/ab=2364/,Sequence_0/ab=26494/,100,98.4,87.5,85.9,98.4,32,0,0,4,0,0,1.64,Y,Sequence_125,Sequence_125,4,16,Sequence_16,0,16,86,Sequence_16,Sequence_86,0.160761,0,-0.160761,14.4719,0,2147483648,195,0.317722,good,Sequence_16,Sequence_86,1.01613,100,100,0.903226,88.8889,0,yes,13861-22081,22084-23443,0.9885,Sequence_125,Sequence_16,Sequence_0,Sequence_16,100,98.4,87.6,86,98.4,31,0,0,4,0,0,1.6,Y,Chimeric,1,1
0,Sequence_126/ab=10/,2,Sequence_36/ab=59/,Sequence_10/ab=7653/,98.4,98,98,98.8,98,0,0,4,1,0,0,0.41,N,Sequence_126,Sequence_126,5,10,Sequence_10,0,2,10,Sequence_2,Sequence_10,0.156384,0,-0.156384,21.748501,0,2147483648,10,0.837128,chimera,no,,,,,,,,,,,0,Sequence_126,*,*,*,*,*,*,*,*,0,0,0,0,0,0,*,N,Chimeric,1,1
0.0629,Sequence_127/ab=10/,1,Sequence_30/ab=77/,Sequence_5/ab=12767/,83.9,80.6,83.5,77,83.4,19,21,19,8,0,1,0.97,N,Sequence_127,Sequence_127,40,5,Sequence_5,37,0,53,Sequence_0,Sequence_53,1.49676,1.13508,-0.361676,18.443199,37,30,19,0,good,no,,,,,,,,,,,0.0703,Sequence_127,Sequence_30,Sequence_10,Sequence_30,83.3,80.4,80.4,78.8,80.4,21,14,24,7,0,3,2.9,N,Non_Chimeric,0,0
3.1888,Sequence_128/ab=10/,2,Sequence_1/ab=20733/,Sequence_7/ab=9831/,100,96,83.9,79.9,96,40,0,0,10,0,0,4.18,Y,Sequence_128,Sequence_128,10,1,Sequence_1,0,1,7,Sequence_1,Sequence_7,0.373715,0,-0.373715,35.268002,0,2147483648,147,0.997759,chimera,Sequence_1,Sequence_112,1.04132,100,100,0.859504,82.5397,0,yes,13861-21776,21779-23443,3.1888,Sequence_128,Sequence_1,Sequence_7,Sequence_1,100,96,84.2,80.2,96,40,0,0,10,0,0,4,Y,Chimeric,1,1
0,Sequence_129/ab=10/,2,*,*,*,*,*,*,*,*,*,*,*,*,*,*,N,Sequence_129,Sequence_129,3,14,Sequence_14,0,0,14,Sequence_0,Sequence_14,0.132894,0,-0.132894,13.5883,0,2147483648,12,0.258101,good,no,,,,,,,,,,,1.0284,Sequence_129,Sequence_62,Sequence_14,Sequence_14,100,83,98.8,81.8,98.8,3,0,0,43,0,0,1.2,Y,Non_Chimeric,1,1
0.0202,Sequence_13/ab=6452/,1,Sequence_0/ab=26494/,Sequence_4/ab=12944/,77.9,77.1,69.5,75.5,77.5,33,13,39,2,1,2,1.04,N,Sequence_13,Sequence_13,56,0,Sequence_0,54,3,0,Sequence_3,Sequence_0,2.07948,1.88582,-0.193653,3.34857,54,50,12,0,good,no,,,,,,,,,,,0.0085,Sequence_13,Sequence_0,Sequence_1,Sequence_0,78.3,77.5,77.1,96,77.5,4,1,52,2,0,2,0.8,N,Non_Chimeric,0,0
0,Sequence_130/ab=10/,2,*,*,*,*,*,*,*,*,*,*,*,*,*,*,N,Sequence_130,Sequence_130,3,11,Sequence_11,0,0,11,Sequence_0,Sequence_11,0.074662,0,-0.074662,13.3669,0,2147483648,9,0.244361,good,no,,,,,,,,,,,0.9088,Sequence_130,Sequence_62,Sequence_11,Sequence_11,100,85,98.8,83.8,98.8,3,0,0,38,0,0,1.2,Y,Non_Chimeric,1,1
2.5351,Sequence_131/ab=10/,2,Sequence_6/ab=12338/,Sequence_1/ab=20733/,100,78.7,97.6,76.3,98.4,6,0,0,53,0,0,2.47,Y,Sequence_131,Sequence_131,4,55,Sequence_55,0,6,1,Sequence_6,Sequence_1,0.120979,0,-0.120979,24.073601,0,2147483648,30,0.917154,chimera,no,,,,,,,,,,,1.6901,Sequence_131,Sequence_6,Sequence_55,Sequence_55,100,79.1,98.4,77.5,98.4,4,0,0,53,0,0,1.6,Y,Chimeric,1,1
0.8929,Sequence_132/ab=9/,2,Sequence_9/ab=7826/,Sequence_10/ab=7653/,100,98.4,89.1,87.5,98.4,28,0,0,4,0,0,1.64,Y,Sequence_132,Sequence_132,4,9,Sequence_9,0,9,10,Sequence_9,Sequence_10,0.150516,0,-0.150516,19.0902,0,2147483648,131,0.681306,chimera,Sequence_126,Sequence_86,0.881148,85.3175,0,1.03279,100,100,yes,13861-21335,21339-23443,0.861,Sequence_132,Sequence_9,Sequence_10,Sequence_9,100,98.4,89.2,87.6,98.4,27,0,0,4,0,0,1.6,Y,Chimeric,1,1
10.2679,Sequence_133/ab=9/,2,Sequence_15/ab=3633/,Sequence_8/ab=8177/,100,90.8,77.5,68.3,90.9,56,0,0,23,0,0,10.18,Y,Sequence_133,Sequence_133,23,15,Sequence_15,0,15,8,Sequence_15,Sequence_8,0.823363,0,-0.823363,63.7925,0,2147483648,166,1,chimera,Sequence_15,Sequence_56,1.10044,100,100,0.764192,69.4445,0,yes,13861-21928,21929-23443,10.2679,Sequence_133,Sequence_15,Sequence_8,Sequence_15,100,90.9,77.9,68.8,90.9,56,0,0,23,0,0,9.1,Y,Chimeric,1,1
0.0742,Sequence_134/ab=9/,2,Sequence_5/ab=12767/,Sequence_4/ab=12944/,81.5,80.7,77.9,75.5,81,8,0,1,23,21,24,1,N,Sequence_134,Sequence_134,43,53,Sequence_53,39,5,53,Sequence_5,Sequence_53,1.49665,1.27424,-0.222405,10.2303,39,35,26,0,good,no,,,,,,,,,,,0.072,Sequence_134,Sequence_5,Sequence_11,Sequence_5,81.8,81,78.7,78.3,81,8,0,1,20,18,27,0.8,N,Non_Chimeric,0,0
0,Sequence_135/ab=9/,2,*,*,*,*,*,*,*,*,*,*,*,*,*,*,N,Sequence_135,Sequence_135,43,15,Sequence_15,39,15,12,Sequence_15,Sequence_12,1.61564,1.41378,-0.201859,7.9296,39,36,69,0,good,no,,,,,,,,,,,0.0344,Sequence_135,Sequence_15,Sequence_12,Sequence_15,84.6,83,82.2,82.2,83,7,1,6,14,10,22,1.6,N,Non_Chimeric,0,0
0.5261,Sequence_136/ab=9/,2,Sequence_8/ab=8177/,Sequence_36/ab=59/,100,87.1,99.2,86.3,99.2,2,0,0,33,0,0,0.81,N,Sequence_136,Sequence_136,2,36,Sequence_36,0,8,10,Sequence_8,Sequence_10,0.09711,0,-0.09711,18.902599,0,2147483648,44,0.667711,chimera,no,,,,,,,,,,,1.2755,Sequence_136,Sequence_8,Sequence_10,Sequence_10,100,87.2,98,85.2,98,5,0,0,32,0,0,2,Y,Chimeric,1,1
0,Sequence_137/ab=9/,2,*,*,*,*,*,*,*,*,*,*,*,*,*,*,N,Sequence_137,Sequence_137,33,53,Sequence_53,29,0,53,Sequence_0,Sequence_53,1.19813,1.0411,-0.157035,18.5424,29,28,19,0,good,Sequence_124,Sequence_66,0.920705,82.9365,4.5,1.00881,90.873,46.3,no,13861-15660,15662-23443,0.0637,Sequence_137,Sequence_30,Sequence_53,Sequence_53,87.6,79.6,86.4,75.2,86.4,3,0,0,35,15,16,1.2,N,Non_Chimeric,0,0
4.9745,Sequence_138/ab=9/,2,Sequence_5/ab=12767/,Sequence_11/ab=7371/,100,93.6,84.3,77.9,93.7,39,0,0,16,0,0,6.87,Y,Sequence_138,Sequence_138,15,5,Sequence_5,0,5,11,Sequence_5,Sequence_11,0.564264,0,-0.564264,44.8368,0,2147483648,148,0.999904,chimera,Sequence_42,Sequence_85,0.852321,79.8419,0,1.06751,100,100,yes,13861-21775,21776-23443,4.9745,Sequence_138,Sequence_5,Sequence_11,Sequence_5,100,93.7,84.6,78.3,93.7,39,0,0,16,0,0,6.3,Y,Chimeric,1,1
3.2286,Sequence_139/ab=9/,2,Sequence_2/ab=16977/,Sequence_9/ab=7826/,100,81.9,96.4,78.3,96.4,9,0,0,45,0,0,3.75,Y,Sequence_139,Sequence_139,9,9,Sequence_9,0,2,9,Sequence_2,Sequence_9,0.26992,0,-0.26992,30.624399,0,2147483648,30,0.989708,chimera,Sequence_2,Sequence_47,1.02881,99.2064,83,0.831276,80.1587,0,no,13861-15684,15687-23443,3.2286,Sequence_139,Sequence_2,Sequence_9,Sequence_9,100,82.2,96.4,78.7,96.4,9,0,0,45,0,0,3.6,Y,Chimeric,1,1
0.037,Sequence_14/ab=3977/,1,Sequence_7/ab=9831/,Sequence_8/ab=8177/,83.1,81.5,77.5,77.9,81.8,20,6,21,7,3,12,1.97,N,Sequence_14,Sequence_14,43,7,Sequence_7,40,7,8,Sequence_7,Sequence_8,1.52267,1.43694,-0.085731,11.9954,40,37,126,0,good,no,,,,,,,,,,,0.0373,Sequence_14,Sequence_7,Sequence_8,Sequence_7,83.4,81.8,77.9,78.3,81.8,20,6,22,7,3,11,1.6,N,Non_Chimeric,0,0
1.8495,Sequence_140/ab=9/,2,Sequence_0/ab=26494/,Sequence_17/ab=1887/,100,88.4,96.8,85.1,96.8,8,0,0,29,0,0,3.32,Y,Sequence_140,Sequence_140,8,17,Sequence_17,0,0,17,Sequence_0,Sequence_17,0.289822,0,-0.289822,25.217501,0,2147483648,59,0.941684,chimera,Sequence_0,Sequence_17,1.03279,100,100,0.889344,86.1111,0,yes,13861-15956,15957-23443,1.8495,Sequence_140,Sequence_0,Sequence_17,Sequence_17,100,88.5,96.8,85.4,96.8,8,0,0,29,0,0,3.2,Y,Chimeric,1,1
2.0408,Sequence_141/ab=9/,2,Sequence_10/ab=7653/,Sequence_1/ab=20733/,100,96.8,87.5,84.3,96.8,32,0,0,8,0,0,3.33,Y,Sequence_141,Sequence_141,5,63,Sequence_63,0,10,1,Sequence_10,Sequence_1,0.16599,0,-0.16599,26.129999,0,2147483648,170,0.956181,chimera,Sequence_1,Sequence_63,0.874494,85.7143,0,1.02024,100,100,yes,13861-22060,22062-23443,1.977,Sequence_141,Sequence_10,Sequence_1,Sequence_10,100,96.8,87.6,84.4,96.8,31,0,0,8,0,0,3.2,Y,Chimeric,1,1
3.9222,Sequence_142/ab=9/,2,Sequence_2/ab=16977/,Sequence_67/ab=28/,100,83.5,95.2,78.7,95.3,12,0,0,41,0,0,5.06,Y,Sequence_142,Sequence_142,12,67,Sequence_67,0,2,8,Sequence_2,Sequence_8,0.332087,0,-0.332087,40.9086,0,2147483648,58,0.999651,chimera,Sequence_2,Sequence_32,1.05882,100,100,0.836134,78.9683,0,yes,13861-15882,15884-23443,3.9222,Sequence_142,Sequence_2,Sequence_67,Sequence_67,100,83.8,95.3,79.1,95.3,12,0,0,41,0,0,4.7,Y,Chimeric,1,1
3.5714,Sequence_143/ab=9/,2,Sequence_2/ab=16977/,Sequence_3/ab=13378/,100,94.4,87.1,81.5,94.5,32,0,0,14,0,0,5.96,Y,Sequence_143,Sequence_143,14,2,Sequence_2,0,2,3,Sequence_2,Sequence_3,0.546978,0,-0.546978,38.133701,0,2147483648,156,0.999128,chimera,Sequence_2,Sequence_45,1.05858,100,100,0.861925,81.4229,0,yes,13861-21925,21928-23443,3.5714,Sequence_143,Sequence_2,Sequence_3,Sequence_2,100,94.5,87.4,81.8,94.5,32,0,0,14,0,0,5.5,Y,Chimeric,1,1
0,Sequence_144/ab=8/,2,*,*,*,*,*,*,*,*,*,*,*,*,*,*,N,Sequence_144,Sequence_144,40,14,Sequence_14,35,5,14,Sequence_5,Sequence_14,1.60034,1.17772,-0.42262,11.4355,35,32,45,0,good,no,,,,,,,,,,,0,Sequence_144,*,*,*,*,*,*,*,*,0,0,0,0,0,0,*,N,Non_Chimeric,0,0
0,Sequence_145/ab=8/,2,*,*,*,*,*,*,*,*,*,*,*,*,*,*,N,Sequence_145,Sequence_145,41,5,Sequence_5,38,36,5,Sequence_36,Sequence_5,1.50909,1.24031,-0.268788,6.99962,38,33,65,0,good,Sequence_134,Sequence_127,1.01333,91.5663,28.7,0.964445,87.1486,2.2,no,13861-16353,16355-23443,0.0332,Sequence_145,Sequence_5,Sequence_4,Sequence_5,83.7,82.9,76.1,76.1,82.9,34,15,24,2,0,2,0.8,N,Non_Chimeric,0,0
0,Sequence_146/ab=8/,1,Sequence_32/ab=65/,Sequence_66/ab=28/,82.7,81.5,82.3,96,82.5,0,0,6,4,1,37,0.49,N,Sequence_146,Sequence_146,45,66,Sequence_66,43,66,3,Sequence_66,Sequence_3,1.67198,1.47069,-0.201291,4.88513,43,40,221,0,good,no,,,,,,,,,,,0.0263,Sequence_146,Sequence_30,Sequence_66,Sequence_66,82.8,75.2,82.4,80.8,82.4,2,1,1,25,6,35,0.4,N,Non_Chimeric,0,0
0.0126,Sequence_147/ab=8/,2,Sequence_0/ab=26494/,Sequence_35/ab=60/,98.8,98,98.4,98.8,98.4,1,0,0,2,0,3,0.41,N,Sequence_147,Sequence_147,4,35,Sequence_35,0,3,0,Sequence_3,Sequence_0,0.105168,0,-0.105168,20.914801,0,2147483648,21,0.796066,chimera,Sequence_120,Sequence_99,1.01205,99.6047,81.7,0.963855,94.8617,0,no,13861-15660,15662-23443,0,Sequence_147,*,*,*,*,*,*,*,*,0,0,0,0,0,0,*,N,Chimeric,1,1
4.1454,Sequence_148/ab=8/,1,Sequence_21/ab=726/,Sequence_12/ab=6894/,100,94.8,83.9,78.7,94.9,40,0,0,13,0,0,5.51,Y,Sequence_148,Sequence_148,11,21,Sequence_21,0,21,12,Sequence_21,Sequence_12,0.390637,0,-0.390637,39.484001,0,2147483648,135,0.999442,chimera,Sequence_18,Sequence_21,0.829167,78.6561,0,1.05417,100,100,yes,13861-21588,21589-23443,4.1454,Sequence_148,Sequence_21,Sequence_12,Sequence_21,100,94.9,84.2,79.1,94.9,40,0,0,13,0,0,5.1,Y,Chimeric,1,1
0,Sequence_149/ab=8/,2,*,*,*,*,*,*,*,*,*,*,*,*,*,*,N,Sequence_149,Sequence_149,35,50,Sequence_50,30,41,5,Sequence_41,Sequence_5,1.26646,0.929459,-0.337003,9.66653,30,26,116,0,good,no,,,,,,,,,,,0.0304,Sequence_149,Sequence_5,Sequence_8,Sequence_5,86.2,85.4,84.6,84.6,85.4,4,0,4,17,15,16,0.8,N,Non_Chimeric,0,0
0.017,Sequence_15/ab=3633/,1,Sequence_2/ab=16977/,Sequence_10/ab=7653/,73.4,70.6,72.2,70.6,72.6,3,1,1,24,19,46,1.68,N,Sequence_15,Sequence_15,68,1,Sequence_1,65,4,10,Sequence_4,Sequence_10,2.38043,2.32002,-0.06041,8.19619,65,61,10,0,good,no,,,,,,,,,,,0,Sequence_15,*,*,*,*,*,*,*,*,0,0,0,0,0,0,*,N,Non_Chimeric,0,0
2.3438,Sequence_150/ab=8/,2,Sequence_45/ab=47/,Sequence_66/ab=28/,100,80.3,97.6,77.9,97.6,6,0,0,49,0,0,2.47,Y,Sequence_150,Sequence_150,6,66,Sequence_66,0,7,9,Sequence_7,Sequence_9,0.138485,0,-0.138485,28.1982,0,2147483648,30,0.977366,chimera,Sequence_139,Sequence_51,0.963855,94.8617,0,1.01205,99.6047,79.9,no,13861-15660,15662-23443,2.2003,Sequence_150,Sequence_7,Sequence_66,Sequence_66,100,81.8,97.6,79.4,97.6,6,0,0,46,0,0,2.4,Y,Chimeric,1,1
1.0842,Sequence_151/ab=8/,2,Sequence_85/ab=20/,Sequence_1/ab=20733/,100,98.4,86.3,84.7,98.4,34,0,0,4,0,0,1.63,Y,Sequence_151,Sequence_151,4,85,Sequence_85,0,5,1,Sequence_5,Sequence_1,0.135167,0,-0.135167,25.451,0,2147483648,148,0.945774,chimera,Sequence_1,Sequence_85,0.870968,85.7143,0,1.01613,100,100,yes,13861-21928,21929-23443,1.6263,Sequence_151,Sequence_5,Sequence_1,Sequence_5,100,97.6,86.6,84.2,97.6,34,0,0,6,0,0,2.4,Y,Chimeric,1,1
3.5077,Sequence_152/ab=8/,2,Sequence_7/ab=9831/,Sequence_45/ab=47/,100,82.3,96,78.3,96,10,0,0,44,0,0,4.18,Y,Sequence_152,Sequence_152,10,45,Sequence_45,0,7,3,Sequence_7,Sequence_3,0.383306,0,-0.383306,38.755798,0,2147483648,65,0.99929,chimera,Sequence_45,Sequence_7,0.81893,78.6561,0,1.04115,100,100,yes,13861-16282,16284-23443,4.2092,Sequence_152,Sequence_7,Sequence_3,Sequence_3,100,82.6,95.3,77.9,95.3,12,0,0,44,0,0,4.7,Y,Chimeric,1,1
0,Sequence_153/ab=8/,2,*,*,*,*,*,*,*,*,*,*,*,*,*,*,N,Sequence_153,Sequence_153,37,14,Sequence_14,32,5,14,Sequence_5,Sequence_14,1.38332,1.11214,-0.271182,10.1564,32,29,58,0,good,no,,,,,,,,,,,0.0505,Sequence_153,Sequence_9,Sequence_4,Sequence_4,82.7,79.5,80.3,72.3,80.3,7,1,1,27,19,22,2.4,N,Non_Chimeric,0,0
0,Sequence_154/ab=8/,2,*,*,*,*,*,*,*,*,*,*,*,*,*,*,N,Sequence_154,Sequence_154,6,12,Sequence_12,0,5,12,Sequence_5,Sequence_12,0.244948,0,-0.244948,23.7684,0,2147483648,19,0.909172,chimera,Sequence_12,Sequence_85,0.785425,76.6798,0,1.01215,98.8142,69,no,13861-15660,15662-23443,2.6307,Sequence_154,Sequence_5,Sequence_12,Sequence_12,100,78.3,97.6,75.9,97.6,6,0,0,55,0,0,2.4,Y,Chimeric,1,1
0.0137,Sequence_155/ab=8/,2,Sequence_55/ab=34/,Sequence_81/ab=21/,97.6,97.2,96.4,97.2,97.2,2,0,2,2,1,3,0.41,N,Sequence_155,Sequence_155,7,55,Sequence_55,0,2,1,Sequence_2,Sequence_1,0.183786,0,-0.183786,31.2754,0,2147483648,30,0.991681,chimera,Sequence_120,Sequence_139,0.963855,94.8617,0,1.01205,99.6047,79.9,no,13861-15660,15662-23443,3.5156,Sequence_155,Sequence_2,Sequence_28,Sequence_28,100,80.6,96.4,77.1,96.4,9,0,0,49,0,0,3.6,Y,Chimeric,1,1
1.2436,Sequence_156/ab=8/,2,Sequence_8/ab=8177/,Sequence_78/ab=22/,100,79.1,98.8,77.9,98.8,3,0,0,52,0,0,1.22,Y,Sequence_156,Sequence_156,8,3,Sequence_3,0,8,3,Sequence_8,Sequence_3,0.227019,0,-0.227019,29.1747,0,2147483648,30,0.983498,chimera,no,,,,,,,,,,,3.125,Sequence_156,Sequence_9,Sequence_3,Sequence_3,100,80.6,96.8,77.5,96.8,8,0,0,49,0,0,3.2,Y,Chimeric,1,1
2.551,Sequence_157/ab=7/,2,Sequence_3/ab=13378/,Sequence_11/ab=7371/,100,87.1,96,83.1,96,10,0,0,32,0,0,4.18,Y,Sequence_157,Sequence_157,9,11,Sequence_11,0,3,11,Sequence_3,Sequence_11,0.350709,0,-0.350709,30.549601,0,2147483648,67,0.989454,chimera,Sequence_3,Sequence_42,1.05858,100,100,0.866109,81.8182,0,yes,13861-16282,16284-23443,2.551,Sequence_157,Sequence_3,Sequence_11,Sequence_11,100,87.4,96,83.4,96,10,0,0,32,0,0,4,Y,Chimeric,1,1
1.977,Sequence_158/ab=7/,2,Sequence_2/ab=16977/,Sequence_61/ab=30/,100,87.6,96.8,84.3,96.8,8,0,0,31,0,0,3.32,Y,Sequence_158,Sequence_158,8,61,Sequence_61,0,2,7,Sequence_2,Sequence_7,0.254654,0,-0.254654,31.873301,0,2147483648,65,0.993161,chimera,Sequence_2,Sequence_33,1.04545,100,100,0.871901,83.3992,0,yes,13861-15965,15967-23443,2.7184,Sequence_158,Sequence_2,Sequence_7,Sequence_7,100,87.7,95.7,83.4,95.7,11,0,0,31,0,0,4.3,Y,Chimeric,1,1
0.9168,Sequence_159/ab=7/,2,Sequence_69/ab=25/,Sequence_16/ab=2364/,100,98,91.1,89.1,98,23,0,0,5,0,0,2.06,Y,Sequence_159,Sequence_159,5,69,Sequence_69,0,1,16,Sequence_1,Sequence_16,0.123015,0,-0.123015,33.326801,0,2147483648,101,0.995755,chimera,Sequence_1,Sequence_16,1.04564,100,100,0.908714,86.9048,0,yes,13861-16350,16351-23443,1.9292,Sequence_159,Sequence_1,Sequence_16,Sequence_1,100,95.6,91.2,86.8,95.6,22,0,0,11,0,0,4.4,Y,Chimeric,1,1
0.044,Sequence_16/ab=2364/,1,Sequence_10/ab=7653/,Sequence_9/ab=7826/,92.3,91.1,90.3,87.5,91.3,13,7,12,3,0,0,1.33,N,Sequence_16,Sequence_16,22,10,Sequence_10,19,10,9,Sequence_10,Sequence_9,0.801557,0.610171,-0.191385,17.1415,19,17,100,0,good,Sequence_10,Sequence_8,1.0087,92.4303,44,0.965217,88.4462,6.2,no,13861-22084,22086-23443,0.0406,Sequence_16,Sequence_10,Sequence_9,Sequence_10,92.4,91.2,90.4,87.6,91.2,12,7,12,3,0,0,1.2,N,Non_Chimeric,0,0
6.9675,Sequence_160/ab=6/,2,Sequence_3/ab=13378/,Sequence_0/ab=26494/,100,90.8,84.7,75.5,90.9,38,0,0,23,0,0,10.18,Y,Sequence_160,Sequence_160,23,3,Sequence_3,0,3,0,Sequence_3,Sequence_0,0.764641,0,-0.764641,56.725201,0,2147483648,139,0.999998,chimera,Sequence_0,Sequence_3,0.842795,76.5873,0,1.10044,100,100,yes,13861-21589,21592-23443,6.9675,Sequence_160,Sequence_3,Sequence_0,Sequence_3,100,90.9,85,75.9,90.9,38,0,0,23,0,0,9.1,Y,Chimeric,1,1
0.0209,Sequence_161/ab=6/,2,Sequence_94/ab=16/,Sequence_100/ab=15/,81,79.8,80.2,81,81.3,2,0,0,19,15,31,1.01,N,Sequence_161,Sequence_161,45,113,Sequence_113,42,98,73,Sequence_100,Sequence_73,1.67903,1.54906,-0.129971,6.93196,42,38,89,0,good,no,,,,,,,,,,,0.0216,Sequence_161,Sequence_100,Sequence_94,Sequence_100,82.7,81,80.2,82.3,81,12,6,11,10,6,20,1.6,N,Non_Chimeric,0,0
0.0245,Sequence_162/ab=6/,2,Sequence_46/ab=46/,Sequence_37/ab=55/,69.9,68.3,70.3,75.1,70.4,17,18,55,4,0,2,2.29,N,Sequence_162,Sequence_162,70,37,Sequence_37,65,11,30,Sequence_11,Sequence_30,2.74471,2.26678,-0.477929,9.33221,65,58,137,0,good,no,,,,,,,,,,,0.0234,Sequence_162,Sequence_46,Sequence_37,Sequence_37,71.9,68.4,70.4,75.5,70.4,6,2,7,20,11,51,1.6,N,Non_Chimeric,0,0
0.079,Sequence_163/ab=6/,2,Sequence_14/ab=3977/,Sequence_37/ab=55/,88.4,83.1,83.9,79.1,84.2,13,3,10,19,6,10,5.26,N,Sequence_163,Sequence_163,38,11,Sequence_11,29,14,37,Sequence_14,Sequence_37,1.37712,0.91258,-0.464539,15.3064,29,24,104,0,good,no,,,,,,,,,,,0.085,Sequence_163,Sequence_14,Sequence_37,Sequence_37,88.4,83.3,84.1,79.3,84.1,14,3,10,19,6,10,4.4,N,Non_Chimeric,0,0
0,Sequence_164/ab=6/,2,*,*,*,*,*,*,*,*,*,*,*,*,*,*,N,Sequence_164,Sequence_164,7,3,Sequence_3,0,5,3,Sequence_5,Sequence_3,0.197255,0,-0.197255,26.4408,0,2147483648,26,0.960284,chimera,no,,,,,,,,,,,2.9576,Sequence_164,Sequence_8,Sequence_3,Sequence_3,100,79.1,97.2,76.3,97.2,7,0,0,53,0,0,2.8,Y,Chimeric,1,1
6.3138,Sequence_165/ab=6/,2,Sequence_0/ab=26494/,Sequence_6/ab=12338/,100,91.2,85.5,76.7,92.1,36,0,0,22,0,0,9.69,Y,Sequence_165,Sequence_165,20,29,Sequence_29,0,0,6,Sequence_0,Sequence_6,0.783385,0,-0.783385,54.1129,0,2147483648,137,0.999996,chimera,Sequence_0,Sequence_6,1.09565,100,100,0.852174,77.7778,0,yes,13861-21589,21592-23443,6.3138,Sequence_165,Sequence_0,Sequence_6,Sequence_0,100,91.3,85.8,77.1,91.3,36,0,0,22,0,0,8.7,Y,Chimeric,1,1
0.0392,Sequence_166/ab=5/,2,Sequence_106/ab=14/,Sequence_122/ab=11/,80.3,76.3,76.7,76.3,77.5,17,8,15,15,5,21,4.71,N,Sequence_166,Sequence_166,54,37,Sequence_37,48,106,122,Sequence_106,Sequence_122,1.9411,1.52361,-0.417489,8.79766,48,44,115,0,good,no,,,,,,,,,,,0.0392,Sequence_166,Sequence_106,Sequence_122,Sequence_122,80.6,76.7,77.1,76.7,77.1,17,8,15,15,5,21,3.6,N,Non_Chimeric,0,0
4.2092,Sequence_167/ab=5/,2,Sequence_2/ab=16977/,Sequence_25/ab=123/,100,82.3,95.2,77.5,96.4,12,0,0,44,0,0,5.06,Y,Sequence_167,Sequence_167,12,25,Sequence_25,0,2,1,Sequence_2,Sequence_1,0.332087,0,-0.332087,41.7677,0,2147483648,58,0.999737,chimera,Sequence_1,Sequence_2,0.823529,77.7778,0,1.05882,100,100,yes,13861-15882,15884-23443,4.2092,Sequence_167,Sequence_2,Sequence_25,Sequence_25,100,82.6,95.3,77.9,95.3,12,0,0,44,0,0,4.7,Y,Chimeric,1,1
2.2959,Sequence_168/ab=5/,2,Sequence_11/ab=7371/,Sequence_45/ab=47/,100,87.1,96.4,83.5,96.4,9,0,0,32,0,0,3.75,Y,Sequence_168,Sequence_168,8,45,Sequence_45,0,11,3,Sequence_11,Sequence_3,0.307713,0,-0.307713,30.549601,0,2147483648,67,0.989454,chimera,Sequence_11,Sequence_45,1.03689,100,100,0.868852,83.7945,0,yes,13861-16282,16284-23443,2.551,Sequence_168,Sequence_11,Sequence_3,Sequence_3,100,87.4,96,83.4,96,10,0,0,32,0,0,4,Y,Chimeric,1,1
5.2296,Sequence_169/ab=4/,2,Sequence_3/ab=13378/,Sequence_9/ab=7826/,100,83.5,93.6,77.1,94.5,16,0,0,41,0,0,6.87,Y,Sequence_169,Sequence_169,14,66,Sequence_66,0,3,9,Sequence_3,Sequence_9,0.420807,0,-0.420807,45.447498,0,2147483648,81,0.999922,chimera,Sequence_139,Sequence_3,0.838174,80.1587,0,1.04564,100,100,yes,13861-16282,16284-23443,5.2296,Sequence_169,Sequence_3,Sequence_9,Sequence_9,100,83.8,93.7,77.5,93.7,16,0,0,41,0,0,6.3,Y,Chimeric,1,1
0,Sequence_17/ab=1887/,1,*,*,*,*,*,*,*,*,*,*,*,*,*,*,N,Sequence_17,Sequence_17,23,9,Sequence_9,21,9,10,Sequence_9,Sequence_10,0.775387,0.669874,-0.105513,5.04085,21,18,214,0,good,no,,,,,,,,,,,0.0518,Sequence_17,Sequence_9,Sequence_10,Sequence_9,91.2,90.8,86.4,87.6,90.8,13,1,5,6,5,11,0.4,N,Non_Chimeric,0,0
0.465,Sequence_170/ab=4/,2,Sequence_84/ab=21/,Sequence_16/ab=2364/,99.6,97.6,92.3,89.9,97.6,20,1,0,5,0,0,2.07,Y,Sequence_170,Sequence_170,6,84,Sequence_84,0,8,16,Sequence_8,Sequence_16,0.153014,0,-0.153014,28.273399,0,2147483648,101,0.977908,chimera,Sequence_16,Sequence_8,0.921811,88.8889,0,1.03704,100,100,yes,13861-16350,16351-23443,1.3632,Sequence_170,Sequence_8,Sequence_16,Sequence_8,100,96.4,92.4,88.8,96.4,19,0,0,9,0,0,3.6,Y,Chimeric,1,1
0,Sequence_171/ab=4/,2,*,*,*,*,*,*,*,*,*,*,*,*,*,*,N,Sequence_171,Sequence_171,4,62,Sequence_62,0,5,7,Sequence_5,Sequence_7,0.136269,0,-0.136269,25.1008,0,2147483648,26,0.939531,chimera,no,,,,,,,,,,,1.4987,Sequence_171,Sequence_26,Sequence_62,Sequence_62,100,81.4,98.4,79.8,98.4,4,0,0,47,0,0,1.6,Y,Chimeric,1,1
1.6582,Sequence_172/ab=4/,2,Sequence_69/ab=25/,Sequence_10/ab=7653/,100,96.8,89.9,86.7,96.8,26,0,0,8,0,0,3.33,Y,Sequence_172,Sequence_172,8,69,Sequence_69,0,1,10,Sequence_1,Sequence_10,0.321501,0,-0.321501,39.630001,0,2147483648,102,0.999468,chimera,Sequence_1,Sequence_10,1.05882,100,100,0.894958,84.5238,0,yes,13861-16350,16351-23443,2.7902,Sequence_172,Sequence_1,Sequence_10,Sequence_1,100,94.4,90,84.4,94.4,25,0,0,14,0,0,5.6,Y,Chimeric,1,1
3.7309,Sequence_173/ab=3/,2,Sequence_5/ab=12767/,Sequence_34/ab=62/,100,85.5,94.8,80.3,94.9,13,0,0,36,0,0,5.51,Y,Sequence_173,Sequence_173,13,34,Sequence_34,0,5,2,Sequence_5,Sequence_2,0.418497,0,-0.418497,41.304199,0,2147483648,65,0.999694,chimera,Sequence_5,Sequence_82,1.02846,100,100,0.853659,83.004,0,yes,13861-15956,15957-23443,4.3048,Sequence_173,Sequence_5,Sequence_2,Sequence_2,100,85.8,94.1,79.8,94.1,15,0,0,36,0,0,5.9,Y,Chimeric,1,1
5.1818,Sequence_174/ab=3/,2,Sequence_9/ab=7826/,Sequence_6/ab=12338/,100,94.8,79.9,74.7,94.9,50,0,0,13,0,0,5.51,Y,Sequence_174,Sequence_174,13,9,Sequence_9,0,9,6,Sequence_9,Sequence_6,0.527864,0,-0.527864,41.2136,0,2147483648,188,0.999684,chimera,Sequence_46,Sequence_9,0.811715,76.9841,0,1.05439,100,100,yes,13861-22060,22062-23443,5.1818,Sequence_174,Sequence_9,Sequence_6,Sequence_9,100,94.9,80.2,75.1,94.9,50,0,0,13,0,0,5.1,Y,Chimeric,1,1
3.5874,Sequence_175/ab=3/,2,Sequence_12/ab=6894/,Sequence_70/ab=25/,100,79.9,96.4,76.3,96.4,9,0,0,50,0,0,3.75,Y,Sequence_175,Sequence_175,9,70,Sequence_70,0,12,5,Sequence_12,Sequence_5,0.307506,0,-0.307506,37.1492,0,2147483648,57,0.998794,chimera,Sequence_19,Sequence_93,1.03689,100,100,0.790984,76.2846,0,yes,13861-15882,15884-23443,4.3846,Sequence_175,Sequence_12,Sequence_5,Sequence_5,100,80.2,95.7,75.9,95.7,11,0,0,50,0,0,4.3,Y,Chimeric,1,1
5.0223,Sequence_176/ab=3/,2,Sequence_2/ab=16977/,Sequence_16/ab=2364/,100,81.9,94,75.8,94,14,0,0,45,0,0,6.44,Y,Sequence_176,Sequence_176,15,16,Sequence_16,0,2,16,Sequence_2,Sequence_16,0.516317,0,-0.516317,44.505001,0,2147483648,66,0.999893,chimera,Sequence_16,Sequence_2,0.814346,76.5873,0,1.05907,99.6032,100,yes,13861-15882,15884-23443,5.2615,Sequence_176,Sequence_2,Sequence_16,Sequence_16,100,82.4,94,76.4,94,15,0,0,44,0,0,6,Y,Chimeric,1,1
1.2436,Sequence_177/ab=3/,2,Sequence_5/ab=12767/,Sequence_154/ab=8/,100,79.1,98.8,77.9,98.8,3,0,0,52,0,0,1.22,Y,Sequence_177,Sequence_177,9,12,Sequence_12,0,5,12,Sequence_5,Sequence_12,0.348519,0,-0.348519,31.916,0,2147483648,36,0.993256,chimera,Sequence_154,Sequence_5,0.796,78.6561,0,1.008,99.6047,74,no,13861-15684,15687-23443,3.7309,Sequence_177,Sequence_5,Sequence_12,Sequence_12,100,79.4,96.4,75.9,96.4,9,0,0,52,0,0,3.6,Y,Chimeric,1,1
0.0957,Sequence_178/ab=3/,1,Sequence_25/ab=123/,Sequence_0/ab=26494/,100,98.4,98.8,97.2,98.8,3,0,0,4,0,0,1.22,N,Sequence_178,Sequence_178,3,0,Sequence_0,0,0,27,Sequence_0,Sequence_27,0.091371,0,-0.091371,6.56276,0,2147483648,58,0.033109,good,no,,,,,,,,,,,0.0957,Sequence_178,Sequence_25,Sequence_0,Sequence_0,100,98.4,98.8,97.2,98.8,3,0,0,4,0,0,1.2,N,Non_Chimeric,1,1
0.6378,Sequence_179/ab=2/,2,Sequence_9/ab=7826/,Sequence_17/ab=1887/,100,92,98.4,90.4,98.4,4,0,0,20,0,0,1.63,Y,Sequence_179,Sequence_179,4,17,Sequence_17,0,9,17,Sequence_9,Sequence_17,0.150841,0,-0.150841,14.3902,0,2147483648,59,0.311906,good,Sequence_17,Sequence_86,0.91129,89.6825,0,1.01613,100,100,yes,13861-15956,15957-23443,0.6378,Sequence_179,Sequence_9,Sequence_17,Sequence_17,100,92.1,98.4,90.5,98.4,4,0,0,20,0,0,1.6,Y,Chimeric,1,1
0,Sequence_18/ab=1360/,1,*,*,*,*,*,*,*,*,*,*,*,*,*,*,N,Sequence_18,Sequence_18,1,12,Sequence_12,1,0,12,Sequence_0,Sequence_12,0.030627,0.030627,0,1.20902,1,2147483648,0,0.005818,good,no,,,,,,,,,,,0,Sequence_18,*,*,*,*,*,*,*,*,0,0,0,0,0,0,*,N,Non_Chimeric,0,0
2.6307,Sequence_180/ab=2/,2,Sequence_2/ab=16977/,Sequence_115/ab=12/,100,86.7,96,82.7,96,10,0,0,33,0,0,4.18,Y,Sequence_180,Sequence_180,15,70,Sequence_70,0,2,5,Sequence_2,Sequence_5,0.524986,0,-0.524986,45.597599,0,2147483648,82,0.999926,chimera,Sequence_2,Sequence_93,1.0766,100,100,0.859574,79.8419,0,yes,13861-16115,16116-23443,4.7353,Sequence_180,Sequence_2,Sequence_5,Sequence_5,100,87,92.9,79.8,92.9,18,0,0,33,0,0,7.1,Y,Chimeric,1,1
1.3871,Sequence_181/ab=2/,2,Sequence_58/ab=31/,Sequence_17/ab=1887/,100,88.4,97.6,85.9,97.6,6,0,0,29,0,0,2.47,Y,Sequence_181,Sequence_181,6,17,Sequence_17,0,8,17,Sequence_8,Sequence_17,0.199319,0,-0.199319,20.2897,0,2147483648,59,0.760535,chimera,Sequence_17,Sequence_84,0.926829,90.4762,0,1.02439,100,100,yes,13861-15956,15957-23443,1.2436,Sequence_181,Sequence_8,Sequence_17,Sequence_17,100,89.7,97.6,87.4,97.6,6,0,0,26,0,0,2.4,Y,Chimeric,1,1
8.0357,Sequence_182/ab=2/,2,Sequence_7/ab=9831/,Sequence_6/ab=12338/,100,80.7,91.6,72.3,91.7,21,0,0,48,0,0,9.21,Y,Sequence_182,Sequence_182,20,6,Sequence_6,0,7,6,Sequence_7,Sequence_6,0.785993,0,-0.785993,57.2005,0,2147483648,80,0.999998,chimera,Sequence_46,Sequence_7,0.791304,71.9368,0,1.1,100,100,yes,13861-16282,16284-23443,8.0357,Sequence_182,Sequence_7,Sequence_6,Sequence_6,100,81,91.7,72.7,91.7,21,0,0,48,0,0,8.3,Y,Chimeric,1,1
0.2739,Sequence_183/ab=2/,2,Sequence_16/ab=2364/,Sequence_26/ab=110/,98.8,97.2,89.5,86.7,97.2,27,3,0,4,0,0,1.66,N,Sequence_183,Sequence_183,3,125,Sequence_125,0,0,125,Sequence_0,Sequence_125,0.132753,0,-0.132753,12.2564,0,2147483648,12,0.183114,good,Sequence_41,Sequence_86,1.01613,100,100,0.915323,90.0794,0,yes,13861-22081,22084-23443,0.2841,Sequence_183,Sequence_16,Sequence_0,Sequence_16,98.8,97.2,88.7,85.9,97.2,28,3,0,4,0,0,1.6,Y,Chimeric,1,1
6.3696,Sequence_184/ab=2/,2,Sequence_14/ab=3977/,Sequence_3/ab=13378/,100,81.1,93.2,74.3,93.3,17,0,0,47,0,0,7.33,Y,Sequence_184,Sequence_184,16,3,Sequence_3,0,14,3,Sequence_14,Sequence_3,0.622843,0,-0.622843,48.979301,0,2147483648,69,0.999976,chimera,Sequence_14,Sequence_164,1.0812,100,100,0.799145,73.913,0,yes,13861-15965,15967-23443,6.3696,Sequence_184,Sequence_14,Sequence_3,Sequence_3,100,81.4,93.3,74.7,93.3,17,0,0,47,0,0,6.7,Y,Chimeric,1,1
0.4145,Sequence_185/ab=2/,1,Sequence_24/ab=123/,Sequence_9/ab=7826/,100,98.4,94.8,93.2,98.4,13,0,0,4,0,0,1.63,Y,Sequence_185,Sequence_185,3,39,Sequence_39,0,1,39,Sequence_1,Sequence_39,0.090352,0,-0.090352,7.39355,0,2147483648,58,0.043102,good,Sequence_1,Sequence_39,1.008,99.6047,74.6,0.984,97.2332,0,no,13861-16421,16424-23443,0.4145,Sequence_185,Sequence_24,Sequence_9,Sequence_24,100,98.4,94.9,93.3,98.4,13,0,0,4,0,0,1.6,Y,Chimeric,1,1
4.6237,Sequence_186/ab=2/,2,Sequence_5/ab=12767/,Sequence_34/ab=62/,100,88.4,92,80.3,92.1,20,0,0,29,0,0,8.73,Y,Sequence_186,Sequence_186,20,34,Sequence_34,0,5,2,Sequence_5,Sequence_2,0.659394,0,-0.659394,50.201599,0,2147483648,97,0.999984,chimera,Sequence_2,Sequence_5,0.874459,79.8419,0,1.09524,100,100,yes,13861-16306,16309-23443,5.0861,Sequence_186,Sequence_5,Sequence_2,Sequence_2,100,88.5,91.3,79.8,91.3,22,0,0,29,0,0,8.7,Y,Chimeric,1,1
0.3189,Sequence_187/ab=1/,2,Sequence_99/ab=15/,Sequence_1/ab=20733/,100,98.4,96,94.4,98.4,10,0,0,4,0,0,1.63,Y,Sequence_187,Sequence_187,4,29,Sequence_29,0,13,29,Sequence_13,Sequence_29,0.122507,0,-0.122507,17.967199,0,2147483648,19,0.596087,chimera,Sequence_1,Sequence_99,0.959839,94.4664,0,1.01606,100,100,yes,13861-22072,22081-23443,0.1913,Sequence_187,Sequence_97,Sequence_29,Sequence_29,100,97.6,98.4,96,98.4,4,0,0,6,0,0,1.6,N,Chimeric,1,1
0.0957,Sequence_188/ab=1/,1,Sequence_24/ab=123/,Sequence_1/ab=20733/,100,98.4,98.8,97.2,98.8,3,0,0,4,0,0,1.22,N,Sequence_188,Sequence_188,2,185,Sequence_185,0,1,29,Sequence_1,Sequence_29,0.073963,0,-0.073963,6.56276,0,2147483648,58,0.033109,good,no,,,,,,,,,,,0.0957,Sequence_188,Sequence_24,Sequence_1,Sequence_1,100,98.4,98.8,97.2,98.8,3,0,0,4,0,0,1.2,N,Non_Chimeric,1,1
0.3827,Sequence_189/ab=1/,2,Sequence_26/ab=110/,Sequence_9/ab=7826/,100,98.4,95.2,93.6,98.4,12,0,0,4,0,0,1.63,Y,Sequence_189,Sequence_189,2,39,Sequence_39,0,5,39,Sequence_5,Sequence_39,0.062002,0,-0.062002,10.1012,0,2147483648,26,0.09916,good,Sequence_185,Sequence_26,0.97992,96.4427,0,1.01606,100,100,yes,13861-15694,15696-23443,0.3827,Sequence_189,Sequence_26,Sequence_9,Sequence_26,100,98.4,95.3,93.7,98.4,12,0,0,4,0,0,1.6,Y,Chimeric,1,1
0,Sequence_19/ab=1087/,1,*,*,*,*,*,*,*,*,*,*,*,*,*,*,N,Sequence_19,Sequence_19,1,12,Sequence_12,1,0,12,Sequence_0,Sequence_12,0.030627,0.030627,0,1.20109,1,2147483648,0,0.005803,good,no,,,,,,,,,,,0,Sequence_19,*,*,*,*,*,*,*,*,0,0,0,0,0,0,*,N,Non_Chimeric,0,0
2.2321,Sequence_190/ab=1/,2,Sequence_5/ab=12767/,Sequence_171/ab=4/,100,85.9,96.8,82.7,96.8,8,0,0,35,0,0,3.32,Y,Sequence_190,Sequence_190,12,62,Sequence_62,0,5,7,Sequence_5,Sequence_7,0.47192,0,-0.47192,40.969299,0,2147483648,65,0.999658,chimera,Sequence_171,Sequence_5,0.857143,83.0039,0,1.03265,100,100,yes,13861-15956,15957-23443,4.1853,Sequence_190,Sequence_5,Sequence_7,Sequence_7,100,86.2,94.1,80.2,94.1,15,0,0,35,0,0,5.9,Y,Chimeric,1,1
3.42,Sequence_191/ab=1/,2,Sequence_7/ab=9831/,Sequence_14/ab=3977/,100,86.7,94.8,81.5,94.9,13,0,0,33,0,0,5.51,Y,Sequence_191,Sequence_191,13,14,Sequence_14,0,7,14,Sequence_7,Sequence_14,0.483419,0,-0.483419,36.746498,0,2147483648,80,0.998623,chimera,Sequence_7,Sequence_87,1.04545,100,100,0.863636,82.6087,0,yes,13861-16282,16284-23443,3.42,Sequence_191,Sequence_7,Sequence_14,Sequence_14,100,87,94.9,81.8,94.9,13,0,0,33,0,0,5.1,Y,Chimeric,1,1
4.2411,Sequence_192/ab=1/,2,Sequence_5/ab=12767/,Sequence_130/ab=10/,100,84.7,94.4,79.1,94.5,14,0,0,38,0,0,5.96,Y,Sequence_192,Sequence_192,14,130,Sequence_130,0,5,11,Sequence_5,Sequence_11,0.508798,0,-0.508798,45.873699,0,2147483648,66,0.999932,chimera,Sequence_42,Sequence_5,0.841667,79.8419,0,1.05417,100,100,yes,13861-15956,15957-23443,5.1499,Sequence_192,Sequence_5,Sequence_11,Sequence_11,100,85,93.3,78.3,93.3,17,0,0,38,0,0,6.7,Y,Chimeric,1,1
0.3189,Sequence_193/ab=1/,2,Sequence_97/ab=16/,Sequence_0/ab=26494/,100,98.4,96,94.4,98.4,10,0,0,4,0,0,1.63,Y,Sequence_193,Sequence_193,4,27,Sequence_27,0,13,27,Sequence_13,Sequence_27,0.122507,0,-0.122507,18.3594,0,2147483648,19,0.626818,chimera,Sequence_178,Sequence_97,0.971774,95.6349,0,1.01613,100,100,yes,13861-15696,15874-23443,0.1276,Sequence_193,Sequence_97,Sequence_27,Sequence_97,100,98.4,98.4,96.8,98.4,4,0,0,4,0,0,1.6,N,Chimeric,1,1
0,Sequence_2/ab=16977/,1,*,*,*,*,*,*,*,*,*,*,*,*,*,*,N,Sequence_2,Sequence_2,0,0,Null,0,0,0,Null,Null,0,0,0,0,0,0,0,0,good,no,,,,,,,,,,,0,Sequence_2,*,*,*,*,*,*,*,*,0,0,0,0,0,0,*,N,Non_Chimeric,0,0
0,Sequence_20/ab=813/,1,*,*,*,*,*,*,*,*,*,*,*,*,*,*,N,Sequence_20,Sequence_20,1,5,Sequence_5,1,0,5,Sequence_0,Sequence_5,0.030117,0.030117,0,1.69378,1,2147483648,0,0.00682,good,no,,,,,,,,,,,0,Sequence_20,*,*,*,*,*,*,*,*,0,0,0,0,0,0,*,N,Non_Chimeric,0,0
0.0253,Sequence_21/ab=726/,2,Sequence_12/ab=6894/,Sequence_11/ab=7371/,72.3,78.7,67.9,71.1,79.1,11,1,2,14,30,36,0.51,N,Sequence_21,Sequence_21,49,12,Sequence_12,47,12,17,Sequence_12,Sequence_17,1.75073,1.70323,-0.047503,5.98575,47,44,199,0,good,no,,,,,,,,,,,0.0457,Sequence_21,Sequence_12,Sequence_10,Sequence_12,80.8,79.6,70,72,79.6,36,9,29,7,4,6,1.2,N,Non_Chimeric,0,0
0,Sequence_22/ab=585/,1,*,*,*,*,*,*,*,*,*,*,*,*,*,*,N,Sequence_22,Sequence_22,14,16,Sequence_16,14,0,16,Sequence_0,Sequence_16,0.534102,0.471343,-0.062759,0.916891,14,11,0,0,good,no,,,,,,,,,,,0,Sequence_22,*,*,*,*,*,*,*,*,0,0,0,0,0,0,*,N,Non_Chimeric,0,0
0,Sequence_23/ab=334/,2,*,*,*,*,*,*,*,*,*,*,*,*,*,*,N,Sequence_23,Sequence_23,3,21,Sequence_21,3,0,21,Sequence_0,Sequence_21,0.10667,0.10667,0,1.34394,3,1,0,0.006081,good,no,,,,,,,,,,,0,Sequence_23,*,*,*,*,*,*,*,*,0,0,0,0,0,0,*,N,Non_Chimeric,0,0
0.1674,Sequence_24/ab=123/,2,Sequence_1/ab=20733/,Sequence_0/ab=26494/,100,97.2,98.8,96,98.8,3,0,0,7,0,0,1.22,N,Sequence_24,Sequence_24,3,0,Sequence_0,0,1,0,Sequence_1,Sequence_0,0.090352,0,-0.090352,8.22434,0,2147483648,58,0.055937,good,Sequence_0,Sequence_1,0.976,96.4427,0,1.008,99.6047,75.6,no,13861-16421,16424-23443,0.1674,Sequence_24,Sequence_1,Sequence_0,Sequence_0,100,97.2,98.8,96,98.8,3,0,0,7,0,0,1.2,N,Non_Chimeric,1,1
0.1674,Sequence_25/ab=123/,2,Sequence_0/ab=26494/,Sequence_1/ab=20733/,100,97.2,98.8,96,98.8,3,0,0,7,0,0,1.22,N,Sequence_25,Sequence_25,3,1,Sequence_1,0,0,1,Sequence_0,Sequence_1,0.090352,0,-0.090352,8.22434,0,2147483648,58,0.055937,good,Sequence_0,Sequence_1,1.008,99.6047,75.6,0.976,96.4427,0,no,13861-16421,16424-23443,0.1674,Sequence_25,Sequence_0,Sequence_1,Sequence_1,100,97.2,98.8,96,98.8,3,0,0,7,0,0,1.2,N,Non_Chimeric,1,1
0.2551,Sequence_26/ab=110/,1,Sequence_8/ab=8177/,Sequence_0/ab=26494/,100,93.6,99.2,92.8,99.2,2,0,0,16,0,0,0.81,N,Sequence_26,Sequence_26,2,0,Sequence_0,0,5,0,Sequence_5,Sequence_0,0.062002,0,-0.062002,10.5882,0,2147483648,26,0.114469,good,no,,,,,,,,,,,0.2551,Sequence_26,Sequence_8,Sequence_0,Sequence_0,100,93.7,99.2,92.9,99.2,2,0,0,16,0,0,0.8,N,Non_Chimeric,1,1
0.1913,Sequence_27/ab=107/,2,Sequence_1/ab=20733/,Sequence_0/ab=26494/,100,98.4,97.6,96,98.4,6,0,0,4,0,0,1.63,N,Sequence_27,Sequence_27,4,1,Sequence_1,0,1,0,Sequence_1,Sequence_0,0.147417,0,-0.147417,10.2267,0,2147483648,167,0.102921,good,Sequence_0,Sequence_1,0.975904,96.0474,0,1.01606,100,100,yes,13861-22072,22081-23443,0.1913,Sequence_27,Sequence_1,Sequence_0,Sequence_1,100,98.4,97.6,96,98.4,6,0,0,4,0,0,1.6,N,Chimeric,1,1
0.2232,Sequence_28/ab=88/,1,Sequence_8/ab=8177/,Sequence_1/ab=20733/,100,94.4,99.2,93.6,99.2,2,0,0,14,0,0,0.81,N,Sequence_28,Sequence_28,2,1,Sequence_1,0,5,1,Sequence_5,Sequence_1,0.062002,0,-0.062002,10.3447,0,2147483648,26,0.106573,good,no,,,,,,,,,,,0.1594,Sequence_28,Sequence_9,Sequence_1,Sequence_1,100,96,99.2,95.3,99.2,2,0,0,10,0,0,0.8,N,Non_Chimeric,1,1
0.1913,Sequence_29/ab=78/,2,Sequence_0/ab=26494/,Sequence_1/ab=20733/,100,98.4,97.6,96,98.4,6,0,0,4,0,0,1.63,N,Sequence_29,Sequence_29,4,0,Sequence_0,0,0,1,Sequence_0,Sequence_1,0.147417,0,-0.147417,10.2267,0,2147483648,167,0.102921,good,Sequence_0,Sequence_1,1.01606,100,100,0.975904,96.0474,0,yes,13861-22072,22081-23443,0.1913,Sequence_29,Sequence_0,Sequence_1,Sequence_0,100,98.4,97.6,96,98.4,6,0,0,4,0,0,1.6,N,Chimeric,1,1
0,Sequence_3/ab=13378/,1,*,*,*,*,*,*,*,*,*,*,*,*,*,*,N,Sequence_3,Sequence_3,0,0,Null,0,0,0,Null,Null,0,0,0,0,0,0,0,0,good,no,,,,,,,,,,,0,Sequence_3,*,*,*,*,*,*,*,*,0,0,0,0,0,0,*,N,Non_Chimeric,0,0
0.0062,Sequence_30/ab=77/,2,Sequence_8/ab=8177/,Sequence_1/ab=20733/,81.5,80.2,81,93.5,81.3,2,1,5,5,2,39,0.5,N,Sequence_30,Sequence_30,47,0,Sequence_0,44,13,1,Sequence_13,Sequence_1,1.79006,1.42876,-0.361295,8.23023,44,40,52,0,good,no,,,,,,,,,,,0.042,Sequence_30,Sequence_0,Sequence_10,Sequence_0,82.4,81.2,78,82.8,81.2,20,9,34,3,0,1,1.2,N,Non_Chimeric,0,0
0.1993,Sequence_31/ab=66/,2,Sequence_1/ab=20733/,Sequence_0/ab=26494/,100,98,98,96,98,5,0,0,5,0,0,2.05,N,Sequence_31,Sequence_31,5,0,Sequence_0,0,1,0,Sequence_1,Sequence_0,0.151606,0,-0.151606,10.4728,0,2147483648,115,0.110665,good,Sequence_1,Sequence_26,1.02016,100,100,0.971774,95.2569,0,yes,13861-21275,21277-23443,0.1993,Sequence_31,Sequence_1,Sequence_0,Sequence_1,100,98,98,96,98,5,0,0,5,0,0,2,N,Chimeric,1,1
0.2232,Sequence_32/ab=65/,1,Sequence_1/ab=20733/,Sequence_8/ab=8177/,100,94.4,99.2,93.6,99.2,2,0,0,14,0,0,0.81,N,Sequence_32,Sequence_32,2,8,Sequence_8,0,0,8,Sequence_0,Sequence_8,0.062002,0,-0.062002,7.78192,0,2147483648,26,0.048709,good,no,,,,,,,,,,,0.2551,Sequence_32,Sequence_0,Sequence_8,Sequence_8,100,93.7,99.2,92.9,99.2,2,0,0,16,0,0,0.8,N,Non_Chimeric,1,1
0,Sequence_33/ab=63/,1,*,*,*,*,*,*,*,*,*,*,*,*,*,*,N,Sequence_33,Sequence_33,1,7,Sequence_7,0,0,7,Sequence_0,Sequence_7,0.046221,0,-0.046221,5.71158,0,2147483648,4,0.025205,good,no,,,,,,,,,,,0,Sequence_33,*,*,*,*,*,*,*,*,0,0,0,0,0,0,*,N,Non_Chimeric,1,1
0,Sequence_34/ab=62/,1,*,*,*,*,*,*,*,*,*,*,*,*,*,*,N,Sequence_34,Sequence_34,2,2,Sequence_2,0,0,2,Sequence_0,Sequence_2,0.073963,0,-0.073963,10.0764,0,2147483648,4,0.09843,good,no,,,,,,,,,,,0.7015,Sequence_34,Sequence_3,Sequence_2,Sequence_2,100,82.6,99.2,81.8,99.2,2,0,0,44,0,0,0.8,?,Non_Chimeric,1,1
0,Sequence_35/ab=60/,2,*,*,*,*,*,*,*,*,*,*,*,*,*,*,N,Sequence_35,Sequence_35,3,0,Sequence_0,0,4,0,Sequence_4,Sequence_0,0.074662,0,-0.074662,14.1587,0,2147483648,9,0.295746,good,no,,,,,,,,,,,0,Sequence_35,*,*,*,*,*,*,*,*,0,0,0,0,0,0,*,N,Non_Chimeric,1,1
0,Sequence_36/ab=59/,2,*,*,*,*,*,*,*,*,*,*,*,*,*,*,N,Sequence_36,Sequence_36,3,10,Sequence_10,0,0,10,Sequence_0,Sequence_10,0.132753,0,-0.132753,13.0403,0,2147483648,12,0.225013,good,Sequence_10,Sequence_9,0.891566,88.0952,0,1.00803,99.6032,74,no,13861-15684,15687-23443,0.8131,Sequence_36,Sequence_8,Sequence_10,Sequence_10,100,86.4,98.8,85.2,98.8,3,0,0,34,0,0,1.2,Y,Non_Chimeric,1,1
0.0292,Sequence_37/ab=55/,2,Sequence_11/ab=7371/,Sequence_14/ab=3977/,83.9,82.7,79.1,81.9,83,21,10,23,4,1,6,1.46,N,Sequence_37,Sequence_37,43,11,Sequence_11,39,11,14,Sequence_11,Sequence_14,1.51714,1.35518,-0.161959,6.99732,39,37,210,0,good,no,,,,,,,,,,,0.0233,Sequence_37,Sequence_11,Sequence_25,Sequence_11,83.7,82.9,79.7,80.5,82.9,22,12,26,2,0,3,0.8,N,Non_Chimeric,0,0
0.3109,Sequence_38/ab=53/,2,Sequence_9/ab=7826/,Sequence_26/ab=110/,100,94.8,98.8,93.6,98.8,3,0,0,13,0,0,1.22,Y,Sequence_38,Sequence_38,3,26,Sequence_26,0,9,24,Sequence_9,Sequence_24,0.10616,0,-0.10616,12.0867,0,2147483648,52,0.174887,good,Sequence_35,Sequence_9,0.946939,91.6996,0,1.03265,100,100,yes,13861-15694,15696-23443,0.3109,Sequence_38,Sequence_9,Sequence_26,Sequence_26,100,94.9,98.8,93.7,98.8,3,0,0,13,0,0,1.2,Y,Chimeric,1,1
0.4464,Sequence_39/ab=53/,2,Sequence_0/ab=26494/,Sequence_9/ab=7826/,100,98.4,94.4,92.8,98.4,14,0,0,4,0,0,1.63,Y,Sequence_39,Sequence_39,4,0,Sequence_0,0,0,9,Sequence_0,Sequence_9,0.160126,0,-0.160126,12.6343,0,2147483648,203,0.202511,good,Sequence_0,Sequence_9,1.00803,99.2095,65.3,0.951807,93.6759,0,no,13861-22072,22081-23443,1.2117,Sequence_39,Sequence_0,Sequence_5,Sequence_0,100,98.4,85,83.4,98.4,38,0,0,4,0,0,1.6,Y,Chimeric,1,1
0,Sequence_4/ab=12944/,1,*,*,*,*,*,*,*,*,*,*,*,*,*,*,N,Sequence_4,Sequence_4,0,0,Null,0,0,0,Null,Null,0,0,0,0,0,0,0,0,good,no,,,,,,,,,,,0,Sequence_4,*,*,*,*,*,*,*,*,0,0,0,0,0,0,*,N,Non_Chimeric,0,0
0.2551,Sequence_40/ab=52/,2,Sequence_9/ab=7826/,Sequence_1/ab=20733/,100,96.8,98.4,95.2,98.4,4,0,0,8,0,0,1.63,N,Sequence_40,Sequence_40,4,1,Sequence_1,0,9,1,Sequence_9,Sequence_1,0.137746,0,-0.137746,10.5485,0,2147483648,52,0.113147,good,Sequence_1,Sequence_9,0.967871,95.2569,0,1.01606,100,100,yes,13861-15694,15696-23443,0.2551,Sequence_40,Sequence_9,Sequence_1,Sequence_1,100,96.8,98.4,95.3,98.4,4,0,0,8,0,0,1.6,N,Chimeric,1,1
0.5261,Sequence_41/ab=51/,2,Sequence_9/ab=7826/,Sequence_16/ab=2364/,100,91.5,98.8,90.3,98.8,3,0,0,22,0,0,1.22,Y,Sequence_41,Sequence_41,3,16,Sequence_16,0,0,16,Sequence_0,Sequence_16,0.132753,0,-0.132753,12.5177,0,2147483648,12,0.196367,good,no,,,,,,,,,,,0.5022,Sequence_41,Sequence_9,Sequence_16,Sequence_16,100,91.6,98.8,90.4,98.8,3,0,0,21,0,0,1.2,Y,Chimeric,1,1
2.0568,Sequence_42/ab=50/,2,Sequence_0/ab=26494/,Sequence_11/ab=7371/,100,82.7,97.6,80.3,97.6,6,0,0,43,0,0,2.47,Y,Sequence_42,Sequence_42,6,11,Sequence_11,0,0,11,Sequence_0,Sequence_11,0.135622,0,-0.135622,22.532,0,2147483648,30,0.869389,chimera,Sequence_11,Sequence_32,0.845528,82.5397,0,1.02033,99.6032,86.9,no,13861-15684,15687-23443,2.0568,Sequence_42,Sequence_0,Sequence_11,Sequence_11,100,83,97.6,80.6,97.6,6,0,0,43,0,0,2.4,Y,Chimeric,1,1
0.2551,Sequence_43/ab=48/,2,Sequence_1/ab=20733/,Sequence_9/ab=7826/,100,96.8,98.4,95.2,98.4,4,0,0,8,0,0,1.63,N,Sequence_43,Sequence_43,4,9,Sequence_9,0,1,9,Sequence_1,Sequence_9,0.137746,0,-0.137746,10.5485,0,2147483648,52,0.113147,good,Sequence_1,Sequence_9,1.01606,100,100,0.967871,95.2569,0,yes,13861-15694,15696-23443,0.2551,Sequence_43,Sequence_1,Sequence_9,Sequence_9,100,96.8,98.4,95.3,98.4,4,0,0,8,0,0,1.6,N,Chimeric,1,1
0,Sequence_44/ab=48/,2,*,*,*,*,*,*,*,*,*,*,*,*,*,*,N,Sequence_44,Sequence_44,3,4,Sequence_4,0,0,4,Sequence_0,Sequence_4,0.074369,0,-0.074369,14.1587,0,2147483648,9,0.295746,good,no,,,,,,,,,,,0,Sequence_44,*,*,*,*,*,*,*,*,0,0,0,0,0,0,*,N,Non_Chimeric,1,1
0,Sequence_45/ab=47/,1,*,*,*,*,*,*,*,*,*,*,*,*,*,*,N,Sequence_45,Sequence_45,2,3,Sequence_3,0,7,3,Sequence_7,Sequence_3,0.076848,0,-0.076848,12.2926,0,2147483648,12,0.184909,good,no,,,,,,,,,,,0.861,Sequence_45,Sequence_7,Sequence_3,Sequence_3,100,78.7,99.2,77.9,99.2,2,0,0,54,0,0,0.8,?,Non_Chimeric,1,1
0,Sequence_46/ab=46/,2,*,*,*,*,*,*,*,*,*,*,*,*,*,*,N,Sequence_46,Sequence_46,3,6,Sequence_6,0,0,6,Sequence_0,Sequence_6,0.074662,0,-0.074662,13.917,0,2147483648,9,0.27941,good,no,,,,,,,,,,,0,Sequence_46,*,*,*,*,*,*,*,*,0,0,0,0,0,0,*,N,Non_Chimeric,1,1
0.5261,Sequence_47/ab=43/,2,Sequence_16/ab=2364/,Sequence_9/ab=7826/,100,91.5,98.8,90.3,98.8,3,0,0,22,0,0,1.22,Y,Sequence_47,Sequence_47,3,9,Sequence_9,0,10,9,Sequence_10,Sequence_9,0.132228,0,-0.132228,12.0844,0,2147483648,12,0.174775,good,no,,,,,,,,,,,0.5022,Sequence_47,Sequence_16,Sequence_9,Sequence_9,100,91.6,98.8,90.4,98.8,3,0,0,21,0,0,1.2,Y,Chimeric,1,1
2.2003,Sequence_48/ab=42/,2,Sequence_7/ab=9831/,Sequence_0/ab=26494/,100,81.5,97.6,79.1,97.6,6,0,0,46,0,0,2.47,Y,Sequence_48,Sequence_48,6,0,Sequence_0,0,7,0,Sequence_7,Sequence_0,0.138485,0,-0.138485,23.2836,0,2147483648,30,0.895069,chimera,Sequence_35,Sequence_7,0.822581,80.9524,0,1.01613,100,100,yes,13861-15660,15662-23443,2.2003,Sequence_48,Sequence_7,Sequence_0,Sequence_0,100,81.8,97.6,79.4,97.6,6,0,0,46,0,0,2.4,Y,Chimeric,1,1
0,Sequence_49/ab=40/,2,*,*,*,*,*,*,*,*,*,*,*,*,*,*,N,Sequence_49,Sequence_49,3,26,Sequence_26,0,10,26,Sequence_10,Sequence_26,0.132228,0,-0.132228,13.2573,0,2147483648,12,0.237742,good,no,,,,,,,,,,,0.7175,Sequence_49,Sequence_16,Sequence_26,Sequence_26,100,88,98.8,86.8,98.8,3,0,0,30,0,0,1.2,Y,Non_Chimeric,1,1
0,Sequence_5/ab=12767/,1,*,*,*,*,*,*,*,*,*,*,*,*,*,*,N,Sequence_5,Sequence_5,0,0,Null,0,0,0,Null,Null,0,0,0,0,0,0,0,0,good,no,,,,,,,,,,,0,Sequence_5,*,*,*,*,*,*,*,*,0,0,0,0,0,0,*,N,Non_Chimeric,0,0
0.5182,Sequence_50/ab=40/,2,Sequence_0/ab=26494/,Sequence_9/ab=7826/,100,94.8,98,92.8,98,5,0,0,13,0,0,2.05,Y,Sequence_50,Sequence_50,5,9,Sequence_9,0,0,9,Sequence_0,Sequence_9,0.167745,0,-0.167745,14.101,0,2147483648,58,0.291794,good,Sequence_0,Sequence_47,1.03265,100,100,0.946939,91.6996,0,yes,13861-15694,15696-23443,0.5182,Sequence_50,Sequence_0,Sequence_9,Sequence_9,100,94.9,98,92.9,98,5,0,0,13,0,0,2,Y,Chimeric,1,1
2.1046,Sequence_51/ab=39/,2,Sequence_7/ab=9831/,Sequence_1/ab=20733/,100,82.3,97.6,79.9,97.6,6,0,0,44,0,0,2.47,Y,Sequence_51,Sequence_51,6,1,Sequence_1,0,7,1,Sequence_7,Sequence_1,0.138485,0,-0.138485,22.798201,0,2147483648,30,0.879045,chimera,Sequence_1,Sequence_7,0.833333,81.3492,0,1.02033,99.6032,86,no,13861-15684,15687-23443,2.1046,Sequence_51,Sequence_7,Sequence_1,Sequence_1,100,82.6,97.6,80.2,97.6,6,0,0,44,0,0,2.4,Y,Chimeric,1,1
2.2003,Sequence_52/ab=38/,2,Sequence_0/ab=26494/,Sequence_7/ab=9831/,100,81.5,97.6,79.1,97.6,6,0,0,46,0,0,2.47,Y,Sequence_52,Sequence_52,6,7,Sequence_7,0,0,7,Sequence_0,Sequence_7,0.138485,0,-0.138485,23.2836,0,2147483648,30,0.895069,chimera,Sequence_0,Sequence_33,1.02024,100,100,0.821862,80.5556,0,yes,13861-15660,15662-23443,2.2003,Sequence_52,Sequence_0,Sequence_7,Sequence_7,100,81.8,97.6,79.4,97.6,6,0,0,46,0,0,2.4,Y,Chimeric,1,1
0.0263,Sequence_53/ab=36/,2,Sequence_10/ab=7653/,Sequence_6/ab=12338/,79.8,78.6,74.6,71.4,79.1,18,7,19,16,13,12,1.54,N,Sequence_53,Sequence_53,50,17,Sequence_17,46,10,17,Sequence_10,Sequence_17,2.02146,1.67708,-0.344376,3.38948,46,41,58,0,good,no,,,,,,,,,,,0.0276,Sequence_53,Sequence_17,Sequence_6,Sequence_17,79.8,79.1,74.7,71.9,79.1,20,7,20,16,14,10,0.8,N,Non_Chimeric,0,0
1.6901,Sequence_54/ab=36/,2,Sequence_0/ab=26494/,Sequence_13/ab=6452/,100,78.7,98.4,77.1,98.4,4,0,0,53,0,0,1.63,Y,Sequence_54,Sequence_54,4,13,Sequence_13,0,0,13,Sequence_0,Sequence_13,0.122507,0,-0.122507,18.0979,0,2147483648,19,0.606428,chimera,no,,,,,,,,,,,1.6901,Sequence_54,Sequence_0,Sequence_13,Sequence_13,100,79.1,98.4,77.5,98.4,4,0,0,53,0,0,1.6,Y,Chimeric,1,1
0,Sequence_55/ab=34/,2,*,*,*,*,*,*,*,*,*,*,*,*,*,*,N,Sequence_55,Sequence_55,3,1,Sequence_1,0,7,1,Sequence_7,Sequence_1,0.077535,0,-0.077535,13.428,0,2147483648,9,0.248105,good,no,,,,,,,,,,,0,Sequence_55,*,*,*,*,*,*,*,*,0,0,0,0,0,0,*,N,Non_Chimeric,1,1
0,Sequence_56/ab=32/,2,*,*,*,*,*,*,*,*,*,*,*,*,*,*,N,Sequence_56,Sequence_56,3,8,Sequence_8,0,10,8,Sequence_10,Sequence_8,0.132228,0,-0.132228,12.7881,0,2147483648,12,0.210831,good,Sequence_47,Sequence_8,1.008,99.6047,77.6,0.964,95.2569,0,no,13861-15684,15687-23443,0.5979,Sequence_56,Sequence_16,Sequence_8,Sequence_8,100,90,98.8,88.8,98.8,3,0,0,25,0,0,1.2,Y,Non_Chimeric,1,1
1.2117,Sequence_57/ab=32/,2,Sequence_7/ab=9831/,Sequence_2/ab=16977/,100,84.7,98.4,83.1,98.4,4,0,0,38,0,0,1.63,Y,Sequence_57,Sequence_57,4,2,Sequence_2,0,7,2,Sequence_7,Sequence_2,0.123015,0,-0.123015,16.4048,0,2147483648,26,0.468436,good,Sequence_2,Sequence_7,0.851406,83.7945,0,1.01205,99.6047,80.1,no,13861-15660,15662-23443,1.2117,Sequence_57,Sequence_7,Sequence_2,Sequence_2,100,85,98.4,83.4,98.4,4,0,0,38,0,0,1.6,Y,Chimeric,1,1
0.2232,Sequence_58/ab=31/,2,Sequence_8/ab=8177/,Sequence_26/ab=110/,100,94.4,99.2,93.6,99.2,2,0,0,14,0,0,0.81,N,Sequence_58,Sequence_58,2,26,Sequence_26,0,8,0,Sequence_8,Sequence_0,0.060234,0,-0.060234,12.4281,0,2147483648,56,0.191741,good,Sequence_0,Sequence_8,0.943775,92.8854,0,1.01606,100,100,yes,13861-15965,15967-23443,0.2232,Sequence_58,Sequence_8,Sequence_26,Sequence_26,100,94.5,99.2,93.7,99.2,2,0,0,14,0,0,0.8,N,Chimeric,1,1
0.1674,Sequence_59/ab=30/,2,Sequence_9/ab=7826/,Sequence_8/ab=8177/,100,97.2,98.8,96,98.8,3,0,0,7,0,0,1.22,N,Sequence_59,Sequence_59,3,8,Sequence_8,0,9,8,Sequence_9,Sequence_8,0.10616,0,-0.10616,8.19126,0,2147483648,58,0.055363,good,Sequence_56,Sequence_9,0.97166,94.8617,0,1.02429,100,100,yes,13861-15694,15696-23443,0.1674,Sequence_59,Sequence_9,Sequence_8,Sequence_8,100,97.2,98.8,96,98.8,3,0,0,7,0,0,1.2,N,Chimeric,1,1
0,Sequence_6/ab=12338/,1,*,*,*,*,*,*,*,*,*,*,*,*,*,*,N,Sequence_6,Sequence_6,0,0,Null,0,0,0,Null,Null,0,0,0,0,0,0,0,0,good,no,,,,,,,,,,,0,Sequence_6,*,*,*,*,*,*,*,*,0,0,0,0,0,0,*,N,Non_Chimeric,0,0
0,Sequence_60/ab=30/,1,*,*,*,*,*,*,*,*,*,*,*,*,*,*,N,Sequence_60,Sequence_60,2,3,Sequence_3,0,2,3,Sequence_2,Sequence_3,0.073963,0,-0.073963,9.78239,0,2147483648,4,0.090149,good,no,,,,,,,,,,,0.7015,Sequence_60,Sequence_2,Sequence_3,Sequence_3,100,82.6,99.2,81.8,99.2,2,0,0,44,0,0,0.8,?,Non_Chimeric,1,1
0,Sequence_61/ab=30/,2,*,*,*,*,*,*,*,*,*,*,*,*,*,*,N,Sequence_61,Sequence_61,3,7,Sequence_7,0,2,7,Sequence_2,Sequence_7,0.091881,0,-0.091881,12.9041,0,2147483648,12,0.21727,good,no,,,,,,,,,,,0.9327,Sequence_61,Sequence_2,Sequence_7,Sequence_7,100,84.6,98.8,83.4,98.8,3,0,0,39,0,0,1.2,Y,Non_Chimeric,1,1
0,Sequence_62/ab=29/,2,*,*,*,*,*,*,*,*,*,*,*,*,*,*,N,Sequence_62,Sequence_62,2,33,Sequence_33,0,0,7,Sequence_0,Sequence_7,0.031496,0,-0.031496,13.5503,0,2147483648,9,0.255706,good,no,,,,,,,,,,,0,Sequence_62,*,*,*,*,*,*,*,*,0,0,0,0,0,0,*,N,Non_Chimeric,1,1
0.4544,Sequence_63/ab=28/,2,Sequence_10/ab=7653/,Sequence_16/ab=2364/,100,98.8,92.3,91.1,98.8,19,0,0,3,0,0,1.22,Y,Sequence_63,Sequence_63,3,10,Sequence_10,0,10,16,Sequence_10,Sequence_16,0.120365,0,-0.120365,11.2051,0,2147483648,186,0.136778,good,Sequence_10,Sequence_9,1.00803,99.6032,76.2,0.891566,88.0952,0,no,13861-22060,22062-23443,0.4305,Sequence_63,Sequence_10,Sequence_22,Sequence_10,100,98.8,92.9,91.7,98.8,18,0,0,3,0,0,1.2,Y,Chimeric,1,1
0.4385,Sequence_64/ab=28/,2,Sequence_8/ab=8177/,Sequence_26/ab=110/,100,95.6,98,93.6,98,5,0,0,11,0,0,2.05,Y,Sequence_64,Sequence_64,5,26,Sequence_26,0,8,0,Sequence_8,Sequence_0,0.179614,0,-0.179614,16.898899,0,2147483648,92,0.509158,chimera,Sequence_0,Sequence_8,0.955285,92.8854,0,1.02846,100,100,yes,13861-16292,16294-23443,0.4385,Sequence_64,Sequence_8,Sequence_26,Sequence_26,100,95.7,98,93.7,98,5,0,0,11,0,0,2,Y,Chimeric,1,1
5.3571,Sequence_65/ab=28/,2,Sequence_2/ab=16977/,Sequence_1/ab=20733/,100,93.6,83.1,76.7,93.7,42,0,0,16,0,0,6.87,Y,Sequence_65,Sequence_65,16,2,Sequence_2,0,2,1,Sequence_2,Sequence_1,0.530633,0,-0.530633,46.174099,0,2147483648,148,0.999939,chimera,Sequence_1,Sequence_2,0.830508,77.7778,0,1.0678,100,100,yes,13861-21928,21929-23443,5.3571,Sequence_65,Sequence_2,Sequence_1,Sequence_2,100,93.7,83.4,77.1,93.7,42,0,0,16,0,0,6.3,Y,Chimeric,1,1
0.1594,Sequence_66/ab=28/,1,Sequence_1/ab=20733/,Sequence_9/ab=7826/,100,96,99.2,95.2,99.2,2,0,0,10,0,0,0.81,N,Sequence_66,Sequence_66,2,9,Sequence_9,0,0,9,Sequence_0,Sequence_9,0.062002,0,-0.062002,7.74191,0,2147483648,26,0.0481,good,no,,,,,,,,,,,0.1594,Sequence_66,Sequence_1,Sequence_9,Sequence_9,100,96,99.2,95.3,99.2,2,0,0,10,0,0,0.8,N,Non_Chimeric,1,1
0.2232,Sequence_67/ab=28/,2,Sequence_0/ab=26494/,Sequence_32/ab=65/,100,94.4,99.2,93.6,99.2,2,0,0,14,0,0,0.81,N,Sequence_67,Sequence_67,2,32,Sequence_32,0,0,8,Sequence_0,Sequence_8,0.060234,0,-0.060234,12.4281,0,2147483648,56,0.191741,good,Sequence_0,Sequence_56,1.02846,100,100,0.943089,91.6996,0,yes,13861-15694,15696-23443,0.2232,Sequence_67,Sequence_0,Sequence_32,Sequence_32,100,94.5,99.2,93.7,99.2,2,0,0,14,0,0,0.8,N,Chimeric,1,1
0.2631,Sequence_68/ab=25/,2,Sequence_1/ab=20733/,Sequence_32/ab=65/,100,95.6,98.8,94.4,98.8,3,0,0,11,0,0,1.22,N,Sequence_68,Sequence_68,3,32,Sequence_32,0,1,8,Sequence_1,Sequence_8,0.090352,0,-0.090352,13.4531,0,2147483648,58,0.249653,good,Sequence_1,Sequence_56,1.03265,100,100,0.955102,92.4901,0,yes,13861-15694,15696-23443,0.2631,Sequence_68,Sequence_1,Sequence_32,Sequence_32,100,95.7,98.8,94.5,98.8,3,0,0,11,0,0,1.2,N,Chimeric,1,1
0.287,Sequence_69/ab=25/,2,Sequence_1/ab=20733/,Sequence_9/ab=7826/,100,97.6,97.6,95.2,97.6,6,0,0,6,0,0,2.47,N,Sequence_69,Sequence_69,6,1,Sequence_1,0,1,9,Sequence_1,Sequence_9,0.20867,0,-0.20867,12.5355,0,2147483648,92,0.197297,good,Sequence_1,Sequence_66,1.01606,100,100,0.975904,96.0474,0,yes,13861-16307,16309-23443,0.287,Sequence_69,Sequence_1,Sequence_9,Sequence_1,100,97.6,97.6,95.3,97.6,6,0,0,6,0,0,2.4,Y,Chimeric,1,1
0,Sequence_7/ab=9831/,1,*,*,*,*,*,*,*,*,*,*,*,*,*,*,N,Sequence_7,Sequence_7,48,1,Sequence_1,47,0,1,Sequence_0,Sequence_1,1.71467,1.68547,-0.029194,1.96809,47,2147483648,48,0,good,no,,,,,,,,,,,0.005,Sequence_7,Sequence_0,Sequence_1,Sequence_1,80.6,79.4,80.2,96,80.2,2,1,38,4,1,9,0.4,N,Non_Chimeric,0,0
0,Sequence_70/ab=25/,2,*,*,*,*,*,*,*,*,*,*,*,*,*,*,N,Sequence_70,Sequence_70,3,5,Sequence_5,0,4,5,Sequence_4,Sequence_5,0.074662,0,-0.074662,14.1587,0,2147483648,9,0.295746,good,no,,,,,,,,,,,0,Sequence_70,*,*,*,*,*,*,*,*,0,0,0,0,0,0,*,N,Non_Chimeric,1,1
0,Sequence_71/ab=24/,2,*,*,*,*,*,*,*,*,*,*,*,*,*,*,N,Sequence_71,Sequence_71,4,33,Sequence_33,0,0,7,Sequence_0,Sequence_7,0.062745,0,-0.062745,19.9389,0,2147483648,21,0.738816,chimera,no,,,,,,,,,,,1.4987,Sequence_71,Sequence_0,Sequence_33,Sequence_33,100,81.4,98.4,79.8,98.4,4,0,0,47,0,0,1.6,Y,Chimeric,1,1
0.0957,Sequence_72/ab=24/,2,Sequence_9/ab=7826/,Sequence_40/ab=52/,100,97.6,99.2,96.8,99.2,2,0,0,6,0,0,0.81,N,Sequence_72,Sequence_72,2,40,Sequence_40,0,9,1,Sequence_9,Sequence_1,0.089262,0,-0.089262,12.5355,0,2147483648,92,0.197297,good,Sequence_1,Sequence_9,0.975709,95.2569,0,1.02429,100,100,yes,13861-21275,21277-23443,0.0957,Sequence_72,Sequence_9,Sequence_40,Sequence_40,100,97.6,99.2,96.8,99.2,2,0,0,6,0,0,0.8,N,Chimeric,1,1
0,Sequence_73/ab=23/,1,*,*,*,*,*,*,*,*,*,*,*,*,*,*,N,Sequence_73,Sequence_73,14,12,Sequence_12,14,0,12,Sequence_0,Sequence_12,0.459575,0.459575,0,2.88656,14,12,0,0,good,no,,,,,,,,,,,0,Sequence_73,*,*,*,*,*,*,*,*,0,0,0,0,0,0,*,N,Non_Chimeric,0,0
3.3721,Sequence_74/ab=23/,2,Sequence_2/ab=16977/,Sequence_26/ab=110/,100,81.1,96.4,77.5,97.6,9,0,0,47,0,0,3.75,Y,Sequence_74,Sequence_74,6,35,Sequence_35,0,2,0,Sequence_2,Sequence_0,0.1534,0,-0.1534,30.9499,0,2147483648,30,0.990747,chimera,Sequence_2,Sequence_49,1.03292,99.6032,90,0.81893,78.9683,0,yes,13861-15684,15687-23443,3.3721,Sequence_74,Sequence_2,Sequence_26,Sequence_26,100,81.4,96.4,77.9,96.4,9,0,0,47,0,0,3.6,Y,Chimeric,1,1
0.2631,Sequence_75/ab=23/,2,Sequence_8/ab=8177/,Sequence_28/ab=88/,100,95.6,98.8,94.4,98.8,3,0,0,11,0,0,1.22,N,Sequence_75,Sequence_75,3,28,Sequence_28,0,8,25,Sequence_8,Sequence_25,0.090352,0,-0.090352,11.4727,0,2147483648,56,0.147543,good,Sequence_55,Sequence_8,0.955102,92.4901,0,1.03265,100,100,yes,13861-15694,15696-23443,0.2631,Sequence_75,Sequence_8,Sequence_28,Sequence_28,100,95.7,98.8,94.5,98.8,3,0,0,11,0,0,1.2,N,Chimeric,1,1
2.2481,Sequence_76/ab=23/,2,Sequence_7/ab=9831/,Sequence_32/ab=65/,100,81.1,97.6,78.7,97.6,6,0,0,47,0,0,2.47,Y,Sequence_76,Sequence_76,6,32,Sequence_32,0,7,8,Sequence_7,Sequence_8,0.138485,0,-0.138485,28.389799,0,2147483648,30,0.978723,chimera,Sequence_32,Sequence_51,0.94332,92.0949,0,1.02429,100,100,yes,13861-15660,15662-23443,2.2481,Sequence_76,Sequence_7,Sequence_32,Sequence_32,100,81.4,97.6,79.1,97.6,6,0,0,47,0,0,2.4,Y,Chimeric,1,1
0.4464,Sequence_77/ab=22/,2,Sequence_8/ab=8177/,Sequence_0/ab=26494/,100,98.4,94.4,92.8,98.4,14,0,0,4,0,0,1.63,Y,Sequence_77,Sequence_77,4,8,Sequence_8,0,8,0,Sequence_8,Sequence_0,0.146907,0,-0.146907,12.3536,0,2147483648,174,0.187962,good,Sequence_0,Sequence_8,0.943775,92.8854,0,1.01606,100,100,yes,13861-22072,22081-23443,0.4464,Sequence_77,Sequence_8,Sequence_0,Sequence_8,100,98.4,94.5,92.9,98.4,14,0,0,4,0,0,1.6,Y,Chimeric,1,1
0.0059,Sequence_78/ab=22/,2,Sequence_3/ab=13378/,Sequence_45/ab=47/,98.4,98,98,99.2,98,1,0,0,1,0,4,0.41,N,Sequence_78,Sequence_78,5,3,Sequence_3,0,0,3,Sequence_0,Sequence_3,0.093132,0,-0.093132,20.914801,0,2147483648,21,0.796066,chimera,Sequence_45,Sequence_71,0.790323,77.4704,0,1.0121,99.2095,71.6,no,13861-15660,15662-23443,2.0727,Sequence_78,Sequence_1,Sequence_3,Sequence_3,100,79.4,98,77.5,98,5,0,0,52,0,0,2,Y,Chimeric,1,1
2.6228,Sequence_79/ab=22/,2,Sequence_0/ab=26494/,Sequence_34/ab=62/,100,81.1,97.2,78.3,97.2,7,0,0,47,0,0,2.89,Y,Sequence_79,Sequence_79,7,34,Sequence_34,0,0,2,Sequence_0,Sequence_2,0.153782,0,-0.153782,30.9499,0,2147483648,30,0.990747,chimera,Sequence_42,Sequence_57,1.01215,98.8142,66.5,0.890688,86.9565,0,no,13861-15684,15687-23443,3.3721,Sequence_79,Sequence_0,Sequence_2,Sequence_2,100,81.4,96.4,77.9,96.4,9,0,0,47,0,0,3.6,Y,Chimeric,1,1
0.0157,Sequence_8/ab=8177/,1,Sequence_0/ab=26494/,Sequence_1/ab=20733/,94.4,92.8,93.6,96,93.7,2,1,6,5,1,6,0.86,N,Sequence_8,Sequence_8,16,1,Sequence_1,14,0,1,Sequence_0,Sequence_1,0.525523,0.465255,-0.060268,3.25172,14,13,113,0,good,no,,,,,,,,,,,0.0236,Sequence_8,Sequence_0,Sequence_1,Sequence_1,94.5,92.9,93.7,96,93.7,3,1,6,5,1,6,0.8,N,Non_Chimeric,0,0
2.3996,Sequence_80/ab=22/,2,Sequence_7/ab=9831/,Sequence_1/ab=20733/,100,97.2,82.7,79.9,97.2,43,0,0,7,0,0,2.89,Y,Sequence_80,Sequence_80,7,7,Sequence_7,0,7,1,Sequence_7,Sequence_1,0.256878,0,-0.256878,26.897499,0,2147483648,177,0.965649,chimera,Sequence_1,Sequence_7,0.832653,80.9524,0,1.02857,100,100,yes,13861-22081,22084-23443,2.3996,Sequence_80,Sequence_7,Sequence_1,Sequence_7,100,97.2,83,80.2,97.2,43,0,0,7,0,0,2.8,Y,Chimeric,1,1
0,Sequence_81/ab=21/,2,*,*,*,*,*,*,*,*,*,*,*,*,*,*,N,Sequence_81,Sequence_81,3,28,Sequence_28,0,10,28,Sequence_10,Sequence_28,0.132228,0,-0.132228,12.7881,0,2147483648,12,0.210831,good,Sequence_28,Sequence_56,0.948,93.6759,0,1.008,99.6047,74,no,13861-15684,15687-23443,0.6696,Sequence_81,Sequence_16,Sequence_28,Sequence_28,100,88.8,98.8,87.6,98.8,3,0,0,28,0,0,1.2,Y,Non_Chimeric,1,1
2.0568,Sequence_82/ab=21/,2,Sequence_5/ab=12767/,Sequence_34/ab=62/,100,82.7,97.6,80.3,97.6,6,0,0,43,0,0,2.47,Y,Sequence_82,Sequence_82,6,34,Sequence_34,0,5,2,Sequence_5,Sequence_2,0.166656,0,-0.166656,27.901199,0,2147483648,21,0.975093,chimera,no,,,,,,,,,,,3.0612,Sequence_82,Sequence_26,Sequence_2,Sequence_2,100,81,96.8,77.9,96.8,8,0,0,48,0,0,3.2,Y,Chimeric,1,1
1.7219,Sequence_83/ab=21/,2,Sequence_5/ab=12767/,Sequence_0/ab=26494/,100,97.6,85.5,83.1,97.6,36,0,0,6,0,0,2.47,Y,Sequence_83,Sequence_83,6,5,Sequence_5,0,5,0,Sequence_5,Sequence_0,0.236974,0,-0.236974,22.2138,0,2147483648,183,0.856995,chimera,Sequence_49,Sequence_5,0.857724,83.7302,0,1.02439,100,100,yes,13861-22081,22084-23443,1.7219,Sequence_83,Sequence_5,Sequence_0,Sequence_5,100,97.6,85.8,83.4,97.6,36,0,0,6,0,0,2.4,Y,Chimeric,1,1
0.1674,Sequence_84/ab=21/,2,Sequence_8/ab=8177/,Sequence_9/ab=7826/,100,97.2,98.8,96,98.8,3,0,0,7,0,0,1.22,N,Sequence_84,Sequence_84,3,9,Sequence_9,0,8,9,Sequence_8,Sequence_9,0.10616,0,-0.10616,8.19126,0,2147483648,58,0.055363,good,Sequence_8,Sequence_9,1.008,99.6047,74.7,0.976,96.4427,0,no,13861-16359,16412-23443,0.1674,Sequence_84,Sequence_8,Sequence_9,Sequence_9,100,97.2,98.8,96,98.8,3,0,0,7,0,0,1.2,N,Non_Chimeric,1,1
0.6059,Sequence_85/ab=20/,1,Sequence_5/ab=12767/,Sequence_1/ab=20733/,100,99.2,84.7,83.9,99.2,38,0,0,2,0,0,0.81,N,Sequence_85,Sequence_85,2,5,Sequence_5,0,5,1,Sequence_5,Sequence_1,0.089557,0,-0.089557,13.9094,0,2147483648,183,0.278907,good,no,,,,,,,,,,,0.6059,Sequence_85,Sequence_5,Sequence_1,Sequence_5,100,99.2,85,84.2,99.2,38,0,0,2,0,0,0.8,?,Non_Chimeric,1,1
0.4464,Sequence_86/ab=20/,2,Sequence_9/ab=7826/,Sequence_0/ab=26494/,100,98.4,94.4,92.8,98.4,14,0,0,4,0,0,1.63,Y,Sequence_86,Sequence_86,4,9,Sequence_9,0,9,0,Sequence_9,Sequence_0,0.160126,0,-0.160126,12.6343,0,2147483648,203,0.202511,good,Sequence_0,Sequence_9,0.951807,93.6759,0,1.00803,99.2095,66.8,no,13861-22072,22081-23443,0.4464,Sequence_86,Sequence_9,Sequence_0,Sequence_9,100,98.4,94.4,92.8,98.4,14,0,0,4,0,0,1.6,Y,Chimeric,1,1
1.9133,Sequence_87/ab=19/,2,Sequence_3/ab=13378/,Sequence_14/ab=3977/,100,75.9,98.4,74.3,98.4,4,0,0,60,0,0,1.63,Y,Sequence_87,Sequence_87,4,14,Sequence_14,0,3,14,Sequence_3,Sequence_14,0.160993,0,-0.160993,19.305799,0,2147483648,20,0.69655,chimera,no,,,,,,,,,,,1.9133,Sequence_87,Sequence_3,Sequence_14,Sequence_14,100,76.3,98.4,74.7,98.4,4,0,0,60,0,0,1.6,Y,Chimeric,1,1
0,Sequence_88/ab=18/,1,*,*,*,*,*,*,*,*,*,*,*,*,*,*,N,Sequence_88,Sequence_88,1,33,Sequence_33,0,3,7,Sequence_3,Sequence_7,0.030627,0,-0.030627,12.2926,0,2147483648,12,0.184909,good,no,,,,,,,,,,,0.4305,Sequence_88,Sequence_3,Sequence_33,Sequence_33,100,78.7,99.6,78.3,99.6,1,0,0,54,0,0,0.4,?,Non_Chimeric,1,1
3.0612,Sequence_89/ab=17/,2,Sequence_10/ab=7653/,Sequence_0/ab=26494/,100,95.2,87.5,82.7,95.2,32,0,0,12,0,0,5.08,Y,Sequence_89,Sequence_89,12,10,Sequence_10,0,10,0,Sequence_10,Sequence_0,0.446605,0,-0.446605,35.6413,0,2147483648,134,0.998018,chimera,Sequence_26,Sequence_63,0.880658,84.9206,0,1.03704,100,100,yes,13861-21335,21339-23443,2.9656,Sequence_89,Sequence_10,Sequence_0,Sequence_10,100,95.2,87.6,82.8,95.2,31,0,0,12,0,0,4.8,Y,Chimeric,1,1
0,Sequence_9/ab=7826/,1,*,*,*,*,*,*,*,*,*,*,*,*,*,*,N,Sequence_9,Sequence_9,12,1,Sequence_1,12,0,1,Sequence_0,Sequence_1,0.434506,0.434506,0,0.325803,12,11,0,0,good,no,,,,,,,,,,,0,Sequence_9,*,*,*,*,*,*,*,*,0,0,0,0,0,0,*,N,Non_Chimeric,0,0
0.5261,Sequence_90/ab=17/,2,Sequence_24/ab=123/,Sequence_32/ab=65/,100,95.6,97.6,93.2,97.6,6,0,0,11,0,0,2.47,Y,Sequence_90,Sequence_90,6,32,Sequence_32,0,1,8,Sequence_1,Sequence_8,0.209731,0,-0.209731,16.9165,0,2147483648,92,0.510609,chimera,Sequence_1,Sequence_32,1.02429,100,100,0.967611,94.4664,0,yes,13861-16292,16294-23443,0.3827,Sequence_90,Sequence_1,Sequence_32,Sequence_32,100,96.8,97.6,94.4,97.6,6,0,0,8,0,0,2.4,Y,Chimeric,1,1
3.42,Sequence_91/ab=17/,2,Sequence_3/ab=13378/,Sequence_2/ab=16977/,100,94.8,86.7,81.5,94.9,33,0,0,13,0,0,5.51,Y,Sequence_91,Sequence_91,13,3,Sequence_3,0,3,2,Sequence_3,Sequence_2,0.496576,0,-0.496576,36.5037,0,2147483648,174,0.998508,chimera,Sequence_3,Sequence_57,1.05417,100,100,0.866667,82.2134,0,yes,13861-22072,22081-23443,3.42,Sequence_91,Sequence_3,Sequence_2,Sequence_3,100,94.9,87,81.8,94.9,33,0,0,13,0,0,5.1,Y,Chimeric,1,1
1.8176,Sequence_92/ab=17/,2,Sequence_10/ab=7653/,Sequence_0/ab=26494/,100,97.6,85.1,82.7,97.6,38,0,0,6,0,0,2.48,Y,Sequence_92,Sequence_92,6,10,Sequence_10,0,10,0,Sequence_10,Sequence_0,0.235018,0,-0.235018,21.7034,0,2147483648,213,0.835089,chimera,Sequence_10,Sequence_86,1.02033,99.6032,85.6,0.886179,86.5079,0,no,13861-22081,22084-23443,1.7698,Sequence_92,Sequence_10,Sequence_0,Sequence_10,100,97.6,85.2,82.8,97.6,37,0,0,6,0,0,2.4,Y,Chimeric,1,1
0,Sequence_93/ab=17/,2,*,*,*,*,*,*,*,*,*,*,*,*,*,*,N,Sequence_93,Sequence_93,3,5,Sequence_5,0,10,5,Sequence_10,Sequence_5,0.132228,0,-0.132228,13.9551,0,2147483648,12,0.281947,good,no,,,,,,,,,,,1.0284,Sequence_93,Sequence_16,Sequence_5,Sequence_5,100,82.8,98.8,81.6,98.8,3,0,0,43,0,0,1.2,Y,Non_Chimeric,1,1
0,Sequence_94/ab=16/,2,*,*,*,*,*,*,*,*,*,*,*,*,*,*,N,Sequence_94,Sequence_94,32,12,Sequence_12,28,12,5,Sequence_12,Sequence_5,1.18838,0.941706,-0.246678,9.77057,28,25,208,0,good,no,,,,,,,,,,,0.0863,Sequence_94,Sequence_18,Sequence_0,Sequence_18,88.1,87.4,72.7,74.3,87.4,47,8,22,2,0,0,0.8,N,Non_Chimeric,0,0
0.2392,Sequence_95/ab=16/,2,Sequence_25/ab=123/,Sequence_43/ab=48/,100,97.6,98,95.6,98,5,0,0,6,0,0,2.05,N,Sequence_95,Sequence_95,2,50,Sequence_50,0,0,9,Sequence_0,Sequence_9,0.089262,0,-0.089262,16.8929,0,2147483648,92,0.508667,chimera,Sequence_39,Sequence_84,1.02429,100,100,0.97166,94.8617,0,yes,13861-16292,16294-23443,0.4385,Sequence_95,Sequence_0,Sequence_43,Sequence_43,100,95.6,98,93.6,98,5,0,0,11,0,0,2,Y,Chimeric,1,1
3.8584,Sequence_96/ab=16/,2,Sequence_3/ab=13378/,Sequence_33/ab=63/,100,82.3,95.6,77.9,95.7,11,0,0,44,0,0,4.62,Y,Sequence_96,Sequence_96,11,33,Sequence_33,0,3,7,Sequence_3,Sequence_7,0.413933,0,-0.413933,38.755798,0,2147483648,65,0.99929,chimera,Sequence_3,Sequence_88,1.04115,100,100,0.81893,78.6561,0,yes,13861-16282,16284-23443,3.8584,Sequence_96,Sequence_3,Sequence_33,Sequence_33,100,82.6,95.7,78.3,95.7,11,0,0,44,0,0,4.3,Y,Chimeric,1,1
0.0063,Sequence_97/ab=16/,2,Sequence_28/ab=88/,Sequence_1/ab=20733/,98.8,98.4,98.4,99.2,98.4,1,0,3,1,0,0,0.41,N,Sequence_97,Sequence_97,4,1,Sequence_1,0,13,1,Sequence_13,Sequence_1,0.122507,0,-0.122507,18.228701,0,2147483648,19,0.616674,chimera,no,,,,,,,,,,,0,Sequence_97,*,*,*,*,*,*,*,*,0,0,0,0,0,0,*,N,Chimeric,1,1
3.0851,Sequence_98/ab=15/,2,Sequence_0/ab=26494/,Sequence_7/ab=9831/,100,96.4,82.7,79.1,97.2,43,0,0,9,0,0,3.75,Y,Sequence_98,Sequence_98,7,29,Sequence_29,0,0,7,Sequence_0,Sequence_7,0.256878,0,-0.256878,31.064301,0,2147483648,177,0.991086,chimera,Sequence_0,Sequence_88,1.03704,100,100,0.831276,80.1587,0,yes,13861-22081,22084-23443,3.0851,Sequence_98,Sequence_0,Sequence_7,Sequence_0,100,96.4,83,79.4,96.4,43,0,0,9,0,0,3.6,Y,Chimeric,1,1
0.0133,Sequence_99/ab=15/,2,Sequence_49/ab=40/,Sequence_0/ab=26494/,99.2,98.8,98.4,98,98.8,3,1,1,1,0,0,0.41,N,Sequence_99,Sequence_99,3,49,Sequence_49,0,13,0,Sequence_13,Sequence_0,0.125262,0,-0.125262,18.0979,0,2147483648,19,0.606428,chimera,Sequence_49,Sequence_97,0.964,95.2569,0,1.008,99.6047,73.9,no,13861-15660,15662-23443,1.6901,Sequence_99,Sequence_13,Sequence_0,Sequence_0,100,79.1,98.4,77.5,98.4,4,0,0,53,0,0,1.6,Y,Chimeric,1,1
